scorer,DLC_resnet50_EPMMar18shuffle1_1800000,DLC_resnet50_EPMMar18shuffle1_1800000,DLC_resnet50_EPMMar18shuffle1_1800000,DLC_resnet50_EPMMar18shuffle1_1800000,DLC_resnet50_EPMMar18shuffle1_1800000,DLC_resnet50_EPMMar18shuffle1_1800000,DLC_resnet50_EPMMar18shuffle1_1800000,DLC_resnet50_EPMMar18shuffle1_1800000,DLC_resnet50_EPMMar18shuffle1_1800000,DLC_resnet50_EPMMar18shuffle1_1800000,DLC_resnet50_EPMMar18shuffle1_1800000,DLC_resnet50_EPMMar18shuffle1_1800000,DLC_resnet50_EPMMar18shuffle1_1800000,DLC_resnet50_EPMMar18shuffle1_1800000,DLC_resnet50_EPMMar18shuffle1_1800000,DLC_resnet50_EPMMar18shuffle1_1800000,DLC_resnet50_EPMMar18shuffle1_1800000,DLC_resnet50_EPMMar18shuffle1_1800000,DLC_resnet50_EPMMar18shuffle1_1800000,DLC_resnet50_EPMMar18shuffle1_1800000,DLC_resnet50_EPMMar18shuffle1_1800000,DLC_resnet50_EPMMar18shuffle1_1800000,DLC_resnet50_EPMMar18shuffle1_1800000,DLC_resnet50_EPMMar18shuffle1_1800000,DLC_resnet50_EPMMar18shuffle1_1800000,DLC_resnet50_EPMMar18shuffle1_1800000,DLC_resnet50_EPMMar18shuffle1_1800000,DLC_resnet50_EPMMar18shuffle1_1800000,DLC_resnet50_EPMMar18shuffle1_1800000,DLC_resnet50_EPMMar18shuffle1_1800000,DLC_resnet50_EPMMar18shuffle1_1800000,DLC_resnet50_EPMMar18shuffle1_1800000,DLC_resnet50_EPMMar18shuffle1_1800000,DLC_resnet50_EPMMar18shuffle1_1800000,DLC_resnet50_EPMMar18shuffle1_1800000,DLC_resnet50_EPMMar18shuffle1_1800000,DLC_resnet50_EPMMar18shuffle1_1800000,DLC_resnet50_EPMMar18shuffle1_1800000,DLC_resnet50_EPMMar18shuffle1_1800000,DLC_resnet50_EPMMar18shuffle1_1800000,DLC_resnet50_EPMMar18shuffle1_1800000,DLC_resnet50_EPMMar18shuffle1_1800000,DLC_resnet50_EPMMar18shuffle1_1800000,DLC_resnet50_EPMMar18shuffle1_1800000,DLC_resnet50_EPMMar18shuffle1_1800000,DLC_resnet50_EPMMar18shuffle1_1800000,DLC_resnet50_EPMMar18shuffle1_1800000,DLC_resnet50_EPMMar18shuffle1_1800000,DLC_resnet50_EPMMar18shuffle1_1800000,DLC_resnet50_EPMMar18shuffle1_1800000,DLC_resnet50_EPMMar18shuffle1_1800000,DLC_resnet50_EPMMar18shuffle1_1800000,DLC_resnet50_EPMMar18shuffle1_1800000,DLC_resnet50_EPMMar18shuffle1_1800000,DLC_resnet50_EPMMar18shuffle1_1800000,DLC_resnet50_EPMMar18shuffle1_1800000,DLC_resnet50_EPMMar18shuffle1_1800000,DLC_resnet50_EPMMar18shuffle1_1800000,DLC_resnet50_EPMMar18shuffle1_1800000,DLC_resnet50_EPMMar18shuffle1_1800000,DLC_resnet50_EPMMar18shuffle1_1800000,DLC_resnet50_EPMMar18shuffle1_1800000,DLC_resnet50_EPMMar18shuffle1_1800000,DLC_resnet50_EPMMar18shuffle1_1800000,DLC_resnet50_EPMMar18shuffle1_1800000,DLC_resnet50_EPMMar18shuffle1_1800000,DLC_resnet50_EPMMar18shuffle1_1800000,DLC_resnet50_EPMMar18shuffle1_1800000,DLC_resnet50_EPMMar18shuffle1_1800000
bodyparts,tl,tl,tl,tr,tr,tr,bl,bl,bl,br,br,br,lt,lt,lt,lb,lb,lb,rt,rt,rt,rb,rb,rb,ctl,ctl,ctl,ctr,ctr,ctr,cbl,cbl,cbl,cbr,cbr,cbr,nose,nose,nose,headcentre,headcentre,headcentre,neck,neck,neck,bodycentre,bodycentre,bodycentre,bcl,bcl,bcl,bcr,bcr,bcr,hipl,hipl,hipl,hipr,hipr,hipr,tailbase,tailbase,tailbase,tailcentre,tailcentre,tailcentre,tailtip,tailtip,tailtip
coords,x,y,likelihood,x,y,likelihood,x,y,likelihood,x,y,likelihood,x,y,likelihood,x,y,likelihood,x,y,likelihood,x,y,likelihood,x,y,likelihood,x,y,likelihood,x,y,likelihood,x,y,likelihood,x,y,likelihood,x,y,likelihood,x,y,likelihood,x,y,likelihood,x,y,likelihood,x,y,likelihood,x,y,likelihood,x,y,likelihood,x,y,likelihood,x,y,likelihood,x,y,likelihood
0,540.294189453125,116.21868133544922,0.9999949932098389,606.8544921875,114.16944885253906,0.999923586845398,542.9290161132812,934.041748046875,0.9985063672065735,614.5926513671875,934.8223876953125,0.992401123046875,158.10235595703125,487.262451171875,0.998428225517273,157.91644287109375,561.331787109375,0.7953311800956726,1000.7771606445312,474.2153015136719,0.999097466468811,1003.5965576171875,559.8666381835938,0.9859002232551575,543.5849609375,480.5096740722656,0.999323844909668,615.15087890625,478.69366455078125,0.998619794845581,540.2982788085938,563.0039672851562,0.9977658987045288,617.094970703125,565.7530517578125,0.9991330504417419,159.08946228027344,484.95654296875,0.005580962635576725,158.03506469726562,484.0075378417969,0.0014000855153426528,159.31588745117188,484.4031982421875,0.0008484658901579678,540.8397216796875,114.41049194335938,0.0008603914175182581,997.0943603515625,563.3968505859375,0.00058487564092502,158.1104278564453,482.0022888183594,0.002733060857281089,1004.47216796875,553.8948974609375,0.00228260550647974,603.3626708984375,113.37625122070312,0.004443061538040638,611.2948608398438,943.2026977539062,0.0014715349534526467,626.026123046875,524.7905883789062,0.011251178570091724,625.2754516601562,558.7072143554688,0.13280794024467468
1,540.2935180664062,116.25736999511719,0.9999949932098389,606.9064331054688,114.18696594238281,0.9999251365661621,542.9418334960938,934.1073608398438,0.9985265731811523,614.5419921875,934.7587280273438,0.9931284189224243,158.23045349121094,487.5326232910156,0.9984487295150757,157.9773406982422,561.2169799804688,0.8051434755325317,1000.911376953125,474.28564453125,0.999052107334137,1003.6373291015625,559.7882080078125,0.9870349764823914,543.4143676757812,480.66278076171875,0.9993496537208557,615.0427856445312,478.922607421875,0.9986057877540588,540.3021240234375,563.1795043945312,0.9975981116294861,617.2499389648438,565.89111328125,0.999093770980835,159.0839080810547,485.1748046875,0.005403680261224508,158.04119873046875,484.15545654296875,0.0012515485286712646,159.33029174804688,484.5476989746094,0.0007679401314817369,540.8419189453125,114.46160125732422,0.0008328778785653412,997.0210571289062,563.3639526367188,0.0006407528417184949,158.1387939453125,482.13238525390625,0.002554339822381735,1004.3944091796875,553.8057861328125,0.002267214236781001,603.31494140625,113.39060974121094,0.004535248968750238,611.239013671875,943.1928100585938,0.0014313134597614408,625.562255859375,525.2755126953125,0.015415697358548641,625.6959838867188,559.124755859375,0.11340838670730591
2,540.331787109375,116.20045471191406,0.9999949932098389,606.9202270507812,114.12747955322266,0.999925971031189,542.93896484375,934.1077270507812,0.998561680316925,614.5602416992188,934.80810546875,0.9925217032432556,158.45071411132812,487.4381408691406,0.9976685643196106,157.93943786621094,561.087646484375,0.7923353314399719,1000.9173583984375,474.1403503417969,0.9990695118904114,1003.6185913085938,559.7094116210938,0.987220048904419,543.4324951171875,480.466064453125,0.9993591904640198,614.3451538085938,478.2651062011719,0.9987494945526123,540.3729248046875,563.164306640625,0.9975886344909668,617.2562255859375,565.9779663085938,0.9990919828414917,159.22250366210938,485.05682373046875,0.006189871579408646,158.21958923339844,484.0318603515625,0.0014604921452701092,159.4630584716797,484.4537048339844,0.0009400621056556702,540.8143920898438,114.42387390136719,0.000847458781208843,997.0472412109375,563.4318237304688,0.0005761175998486578,158.32891845703125,481.9559020996094,0.0029554918874055147,1004.323486328125,553.7499389648438,0.002072087489068508,603.3359375,113.36933135986328,0.004439504351466894,611.294677734375,943.1919555664062,0.001628680038265884,625.7600708007812,525.6038208007812,0.01928255707025528,625.45458984375,559.2587890625,0.13804806768894196
3,540.3639526367188,116.2081069946289,0.9999947547912598,606.9022216796875,114.13888549804688,0.9999223947525024,542.9552612304688,934.0439453125,0.9985349178314209,614.5684814453125,934.6964111328125,0.9929688572883606,158.54397583007812,487.3703308105469,0.9980282187461853,157.98873901367188,561.1271362304688,0.8056560158729553,1000.9541625976562,474.21002197265625,0.9990774393081665,1003.6974487304688,559.7171630859375,0.9878739714622498,543.3922729492188,480.6482238769531,0.999371349811554,614.3909912109375,478.2033996582031,0.9986715316772461,540.2838134765625,563.2760009765625,0.997732400894165,617.2701416015625,565.9034423828125,0.999121367931366,159.300537109375,485.0168151855469,0.006116319913417101,158.1831817626953,483.9933166503906,0.0014407356502488256,159.43800354003906,484.44232177734375,0.0009191870340146124,540.83154296875,114.42558288574219,0.0008404099498875439,997.106201171875,563.3685302734375,0.0006341725820675492,158.2539520263672,481.9399719238281,0.0029456934425979853,1004.4096069335938,553.775390625,0.0023577529937028885,603.3475952148438,113.35720825195312,0.004507832229137421,611.3336181640625,943.0697631835938,0.0014698459999635816,625.7564086914062,525.8270874023438,0.010630647651851177,625.515380859375,559.1569213867188,0.10526759922504425
4,540.249267578125,116.09150695800781,0.9999943971633911,606.85693359375,114.16133880615234,0.999913215637207,542.896240234375,933.8447875976562,0.9987014532089233,614.6051635742188,934.6404418945312,0.9930417537689209,158.4175262451172,487.21966552734375,0.9981174468994141,157.9051055908203,561.51123046875,0.796205461025238,1001.0008544921875,474.26080322265625,0.9990679621696472,1003.6610107421875,559.70556640625,0.9880666732788086,543.3029174804688,480.5272216796875,0.9993560910224915,614.42578125,478.2520446777344,0.998770534992218,540.253662109375,563.462646484375,0.9975792765617371,617.3211669921875,565.976806640625,0.9990735054016113,159.2122344970703,484.76287841796875,0.005722397472709417,158.1056671142578,483.83941650390625,0.001374317449517548,159.3910369873047,484.2950134277344,0.0008629543008282781,540.8442993164062,114.43689727783203,0.0008360548526979983,997.1253051757812,563.3076782226562,0.0006186470855027437,158.1464080810547,481.8187561035156,0.0027985665947198868,1004.3807373046875,553.7402954101562,0.002348591573536396,603.430419921875,113.3375473022461,0.0042694341391325,611.2775268554688,943.1663208007812,0.0016110498690977693,625.8392333984375,525.7589721679688,0.008747827261686325,625.7453002929688,559.4249877929688,0.09299544245004654
5,540.2599487304688,116.1351089477539,0.9999947547912598,606.8536376953125,114.09510040283203,0.9999167919158936,542.9893798828125,933.9998168945312,0.9986684322357178,614.6115112304688,934.7196655273438,0.9923444390296936,158.2924041748047,487.3581237792969,0.9982922673225403,157.9942626953125,561.0564575195312,0.839532196521759,1001.0277709960938,474.497314453125,0.999054491519928,1003.6588134765625,559.7529296875,0.9875652194023132,543.542236328125,480.5353698730469,0.9994235038757324,614.979248046875,479.05047607421875,0.9988642930984497,540.3051147460938,563.1923828125,0.9976316690444946,617.1890258789062,565.833984375,0.9989966750144958,159.2130126953125,485.0570068359375,0.005839000456035137,158.03451538085938,484.03887939453125,0.0014310604892671108,159.3247528076172,484.461669921875,0.0008930550538934767,540.8583374023438,114.46774291992188,0.0008704204810783267,997.0774536132812,563.5137329101562,0.0006285473355092108,158.16961669921875,482.0591735839844,0.0028433098923414946,1004.3652954101562,553.8211669921875,0.0022936600726097822,603.3571166992188,113.31494140625,0.004338964819908142,611.357421875,943.1092529296875,0.0016085077077150345,625.869384765625,525.8019409179688,0.006722042802721262,625.7894897460938,559.4056396484375,0.10908183455467224
6,540.239013671875,116.1561279296875,0.9999947547912598,606.9255981445312,114.0538558959961,0.9999203681945801,542.9868774414062,934.013671875,0.9986724853515625,614.5906982421875,934.7567749023438,0.9923220276832581,158.4199676513672,487.3963928222656,0.9981826543807983,157.90341186523438,560.8565063476562,0.8458837270736694,1000.9832763671875,474.3453674316406,0.9990804195404053,1003.7274169921875,559.7112426757812,0.9876368045806885,543.591552734375,480.53631591796875,0.9994252920150757,614.3404541015625,478.4950256347656,0.9987872242927551,540.2164916992188,563.0367431640625,0.9976319074630737,617.0824584960938,565.8491821289062,0.9988964796066284,159.27651977539062,485.0134582519531,0.00533458823338151,158.0612030029297,484.017333984375,0.0012782630510628223,159.36245727539062,484.45989990234375,0.0008097200188785791,540.8515014648438,114.46637725830078,0.0008752358262427151,997.1435546875,563.4691162109375,0.0005921819829382002,158.22984313964844,482.0058898925781,0.0026327981613576412,1004.4649047851562,553.8078002929688,0.0023664673790335655,603.339599609375,113.28343200683594,0.0042505282908678055,611.37939453125,943.1029052734375,0.0017118857940658927,625.7093505859375,525.2415161132812,0.005609406158328056,625.7438354492188,559.2654418945312,0.12223085761070251
7,540.255126953125,116.12680053710938,0.9999947547912598,606.9249267578125,114.07077026367188,0.999920129776001,543.067626953125,933.9180908203125,0.998710036277771,614.5275268554688,934.763916015625,0.992078959941864,158.4937744140625,487.4510192871094,0.9982391595840454,157.96961975097656,561.189208984375,0.8379697203636169,1000.943115234375,474.4631652832031,0.9991394281387329,1003.593994140625,559.755126953125,0.988034188747406,543.6552734375,480.5122375488281,0.9993883371353149,614.424560546875,478.3994445800781,0.9986889958381653,540.23388671875,563.083984375,0.9975892305374146,617.07568359375,566.0358276367188,0.9989101886749268,159.3147735595703,485.046875,0.005587866064161062,158.09950256347656,484.0291748046875,0.0013156458735466003,159.39450073242188,484.4967346191406,0.0008394095348194242,540.8507690429688,114.45882415771484,0.0008883671835064888,997.0294799804688,563.545654296875,0.0005947777535766363,158.26832580566406,482.0534973144531,0.0026817379985004663,1004.3013916015625,553.8748168945312,0.002201999304816127,603.35595703125,113.28719329833984,0.004305628594011068,611.3983154296875,943.111328125,0.00169772794470191,625.8373413085938,525.3743896484375,0.007162794936448336,625.8358154296875,559.2449340820312,0.1319631189107895
8,540.211669921875,116.13679504394531,0.9999948740005493,607.0029907226562,113.99307250976562,0.9999217987060547,543.1072998046875,933.7662353515625,0.9987550973892212,614.4348754882812,934.592041015625,0.9919191598892212,158.2821502685547,487.4485168457031,0.9980019927024841,157.89830017089844,561.470703125,0.81534343957901,1000.8796997070312,474.287841796875,0.9991100430488586,1003.70703125,559.7967529296875,0.9877819418907166,543.8129272460938,480.3471374511719,0.999316930770874,614.9246215820312,479.0863952636719,0.9985594153404236,540.4498901367188,563.1904296875,0.9966453909873962,616.9815063476562,566.1934204101562,0.9988382458686829,159.0565185546875,484.91973876953125,0.005506583489477634,158.0233612060547,483.9749755859375,0.0012781991390511394,159.35995483398438,484.4198303222656,0.0008138077100738883,540.8477783203125,114.49937438964844,0.0008888930315151811,997.0789184570312,563.4318237304688,0.0006318164523690939,158.21636962890625,481.9940185546875,0.0026487642899155617,1004.3978881835938,553.8006591796875,0.0022553177550435066,603.3831787109375,113.19440460205078,0.004276638850569725,611.1436157226562,942.9305419921875,0.0016196173382923007,626.0136108398438,525.424072265625,0.005023718345910311,626.0682373046875,559.0065307617188,0.12715652585029602
9,540.189697265625,116.1681137084961,0.9999946355819702,606.97265625,114.00813293457031,0.9999202489852905,543.1670532226562,933.7567138671875,0.9988401532173157,614.4492797851562,934.716552734375,0.9925641417503357,158.4351348876953,487.2536926269531,0.9977447986602783,157.8408660888672,561.4653930664062,0.808647632598877,1000.9031372070312,474.53619384765625,0.9991499185562134,1003.60205078125,559.7050170898438,0.9875649809837341,543.6483154296875,480.4564514160156,0.9993608593940735,614.4212646484375,478.4795227050781,0.9986897110939026,540.466552734375,563.0482788085938,0.9971446394920349,617.0746459960938,566.015625,0.9989181756973267,159.12132263183594,484.8525390625,0.004790204111486673,158.03692626953125,483.9068298339844,0.001128769014030695,159.3864288330078,484.3851013183594,0.0007312105735763907,540.8440551757812,114.5333480834961,0.0008402898674830794,996.9814453125,563.48681640625,0.0005913066561333835,158.17742919921875,481.9058837890625,0.0023694816045463085,1004.275634765625,553.7935180664062,0.002171177649870515,603.415283203125,113.15101623535156,0.00414084829390049,611.3161010742188,943.0452270507812,0.00185209303162992,625.9407348632812,525.5101928710938,0.007557791657745838,625.939697265625,558.9837036132812,0.11956894397735596
10,540.3522338867188,116.16451263427734,0.9999951124191284,606.9740600585938,114.0112533569336,0.9999202489852905,543.1962280273438,933.6766967773438,0.9987909197807312,614.4563598632812,934.818359375,0.9918455481529236,158.19412231445312,487.4051513671875,0.9980523586273193,157.9078826904297,561.4801025390625,0.8140067458152771,1001.2340698242188,474.7680969238281,0.9990890026092529,1003.6130981445312,559.7413330078125,0.9868928790092468,543.7285766601562,480.352783203125,0.9993436932563782,614.5966186523438,478.4508972167969,0.9986541271209717,540.4960327148438,563.3103637695312,0.9973793029785156,617.0629272460938,566.08984375,0.9986672401428223,158.98255920410156,484.916748046875,0.005158443469554186,157.92791748046875,483.9643859863281,0.0012266640551388264,159.2689666748047,484.4140625,0.0007783113978803158,540.8584594726562,114.51691436767578,0.0008322034846059978,1.5683040618896484,1086.380126953125,0.0007128045544959605,158.08111572265625,482.0115661621094,0.002632209798321128,1004.1790161132812,553.8807983398438,0.0020092125050723553,603.4086303710938,113.14234924316406,0.004316273611038923,611.26953125,943.1203002929688,0.0019783361349254847,626.2037963867188,525.8841552734375,0.00857783854007721,626.222900390625,559.0362548828125,0.1298239827156067
11,540.1510009765625,116.14274597167969,0.9999946355819702,606.9771728515625,113.9999771118164,0.9999186992645264,543.1362915039062,933.7440185546875,0.9987156391143799,614.482666015625,934.6970825195312,0.9923592209815979,158.3217010498047,487.2862548828125,0.9978634715080261,157.81077575683594,561.4686889648438,0.8046665191650391,1001.02685546875,474.56866455078125,0.9990967512130737,1003.5840454101562,559.7503662109375,0.9868164658546448,543.597412109375,480.3973693847656,0.9993764758110046,614.490966796875,478.614990234375,0.9986646175384521,540.5542602539062,562.9710083007812,0.9976518750190735,617.1237182617188,565.9127197265625,0.9988502264022827,1.2959210872650146,1086.288818359375,0.005686155054718256,158.03770446777344,483.92633056640625,0.0011255779536440969,159.37612915039062,484.3876647949219,0.000731156615074724,540.8270874023438,114.52656555175781,0.0008438366348855197,1.6279067993164062,1086.38818359375,0.0010729567147791386,158.1759033203125,481.8865661621094,0.0023675302509218454,1004.2572021484375,553.8633422851562,0.002135966904461384,603.4329223632812,113.15717315673828,0.0041855815798044205,611.2962036132812,942.9862670898438,0.001979017863050103,626.0009155273438,525.80810546875,0.005945590790361166,625.9384155273438,559.0907592773438,0.12782549858093262
12,540.1671752929688,116.17432403564453,0.9999947547912598,606.987548828125,114.0211410522461,0.9999170303344727,543.2174072265625,933.4878540039062,0.9987882971763611,614.441650390625,934.5596313476562,0.9919907450675964,158.47044372558594,487.287353515625,0.9982151985168457,157.8155059814453,561.348388671875,0.831736147403717,1001.021240234375,474.5850524902344,0.9991080164909363,1003.5362548828125,559.752685546875,0.986816942691803,543.5372924804688,480.50933837890625,0.999413013458252,614.5038452148438,478.65203857421875,0.9987758994102478,540.5015258789062,563.0774536132812,0.9981181621551514,617.1935424804688,566.0098876953125,0.9988998174667358,1.633690595626831,1086.3662109375,0.005796351935714483,158.1224822998047,483.9827880859375,0.0012974803103134036,159.39761352539062,484.4373779296875,0.0008147170883603394,540.8229370117188,114.51567840576172,0.0008263288182206452,1.809401035308838,1086.498779296875,0.0011567517649382353,158.20782470703125,482.0185241699219,0.0025567440316081047,1004.200439453125,553.832275390625,0.002067692345008254,603.3993530273438,113.2123794555664,0.004271153826266527,611.1459350585938,942.9899291992188,0.002300061983987689,626.2011108398438,526.015380859375,0.006751883774995804,625.8261108398438,559.41943359375,0.11430412530899048
13,540.1288452148438,116.1642837524414,0.999994158744812,606.9482421875,113.99168395996094,0.9999078512191772,543.2178344726562,933.452880859375,0.9987300038337708,614.4840087890625,934.5191040039062,0.9918013215065002,158.55496215820312,487.2704772949219,0.9978571534156799,157.6727294921875,561.5841064453125,0.8283941149711609,1001.158447265625,474.49005126953125,0.9989528656005859,1003.5428466796875,559.7260131835938,0.9855520129203796,543.5276489257812,480.166259765625,0.9993688464164734,614.5156860351562,478.4632568359375,0.9986296892166138,540.3386840820312,563.0513916015625,0.9981978535652161,617.1141357421875,565.9593505859375,0.9989511966705322,2.1189703941345215,1086.262451171875,0.008274254389107227,2.8712141513824463,1085.9454345703125,0.0015161969931796193,159.4730987548828,484.398193359375,0.0007272276561707258,540.7627563476562,114.47322082519531,0.0008100480772554874,2.4277520179748535,1086.80224609375,0.0021563884802162647,158.2806396484375,481.8915100097656,0.002454411005601287,1004.2036743164062,553.8718872070312,0.001881924457848072,603.4464111328125,113.23741149902344,0.004206050653010607,611.11669921875,942.9113159179688,0.0020522596314549446,626.2069702148438,525.9801025390625,0.005539061035960913,625.7157592773438,559.0362548828125,0.13242600858211517
14,540.2452392578125,116.20659637451172,0.9999947547912598,606.9261474609375,114.02759552001953,0.9999160766601562,543.244140625,933.5897827148438,0.9988341927528381,614.4683837890625,934.502685546875,0.9932126998901367,158.48544311523438,487.4112243652344,0.9977594614028931,157.5440216064453,561.9424438476562,0.8220762014389038,1001.1505126953125,474.4965515136719,0.9989489912986755,1003.5581665039062,559.7937622070312,0.9862300157546997,543.5648193359375,480.3965148925781,0.9993636012077332,614.5818481445312,478.6224060058594,0.998751163482666,540.4552612304688,563.0817260742188,0.9981608986854553,617.0484619140625,565.9097900390625,0.9989386200904846,3.149024248123169,1085.2386474609375,0.005679636728018522,158.09971618652344,484.0367431640625,0.0011265750508755445,159.3949432373047,484.46282958984375,0.0007343426113948226,540.770751953125,114.46868133544922,0.0008269503596238792,3.3228392601013184,1086.6578369140625,0.0006565511575900018,158.26473999023438,481.9327697753906,0.002449111780151725,1004.1909790039062,553.9476928710938,0.0019332892261445522,603.3731689453125,113.27775573730469,0.0042889839969575405,611.092529296875,942.9370727539062,0.001933109713718295,625.9503784179688,525.6549072265625,0.005093855317682028,625.9592895507812,559.0831909179688,0.12516996264457703
15,540.2462768554688,116.20777130126953,0.9999947547912598,606.91748046875,114.02684783935547,0.9999158382415771,543.2305908203125,933.431396484375,0.9990783929824829,614.5623168945312,934.518798828125,0.993767261505127,158.49505615234375,487.40777587890625,0.9977275729179382,157.58905029296875,561.6810302734375,0.8185037970542908,1001.0354614257812,474.6697692871094,0.9990742206573486,1003.5479125976562,559.7551879882812,0.9870953559875488,543.5927734375,480.4190368652344,0.9993584752082825,614.527587890625,478.80975341796875,0.998737633228302,540.465576171875,563.0949096679688,0.9979203343391418,617.1448974609375,565.8215942382812,0.9988259673118591,4.535786151885986,1085.16845703125,0.012159477919340134,158.1942138671875,483.98443603515625,0.0010980430524796247,159.4963836669922,484.4319763183594,0.0007189054740592837,540.7703857421875,114.46493530273438,0.0008271631668321788,996.9066162109375,563.5023803710938,0.0005738591426052153,158.3365478515625,481.91961669921875,0.0023859243374317884,1004.2171630859375,553.916259765625,0.002098803175613284,603.3771362304688,113.2673110961914,0.0042694746516644955,3.961937665939331,1083.775390625,0.002518497174605727,626.3839721679688,525.9336547851562,0.00848349742591381,626.0657958984375,558.7606811523438,0.1421157866716385
16,540.25634765625,116.21550750732422,0.9999948740005493,606.93408203125,114.03290557861328,0.9999169111251831,543.0678100585938,933.5895385742188,0.9989911913871765,614.6754150390625,934.4531860351562,0.9932291507720947,158.49134826660156,487.4278259277344,0.9975448250770569,157.52322387695312,561.8925170898438,0.8128805160522461,1001.1505737304688,474.5098571777344,0.9989217519760132,1003.6080322265625,559.7659912109375,0.986055314540863,543.59765625,480.25445556640625,0.9993222951889038,614.5764770507812,478.8025817871094,0.9987290501594543,540.4578247070312,563.0633544921875,0.9978669881820679,616.8958129882812,565.9608764648438,0.998863935470581,5.766887664794922,1085.5504150390625,0.005673236679285765,158.15234375,483.9847412109375,0.0010243557626381516,159.45423889160156,484.43328857421875,0.0006750025204382837,540.7741088867188,114.47154235839844,0.0008269057725556195,996.8475341796875,563.497802734375,0.0005813168245367706,158.28726196289062,481.9056091308594,0.002256675623357296,1004.2412109375,553.9160766601562,0.0020150470081716776,603.3698120117188,113.27658081054688,0.004288224037736654,611.4180908203125,942.8888549804688,0.0019619266968220472,625.9964599609375,525.7263793945312,0.006234676577150822,626.0234375,559.1868286132812,0.1233908012509346
17,540.27001953125,116.24142456054688,0.9999948740005493,606.9468994140625,114.10264587402344,0.9999178647994995,543.1466674804688,933.6510620117188,0.9991579055786133,614.7078247070312,934.6430053710938,0.9945778846740723,158.39454650878906,487.5108642578125,0.9978275895118713,157.63294982910156,561.85546875,0.8314418196678162,1001.1900634765625,474.50244140625,0.9989172220230103,1003.5958251953125,559.757568359375,0.9864592552185059,543.5650634765625,480.3492431640625,0.9993288516998291,614.62060546875,478.9604797363281,0.9987873435020447,540.5179443359375,563.0157470703125,0.9980266690254211,616.892578125,565.9896850585938,0.9988868832588196,159.18946838378906,485.0350646972656,0.004591938573867083,158.08021545410156,484.0477600097656,0.001039669499732554,159.3763885498047,484.5154724121094,0.0006579580367542803,540.7764892578125,114.47282409667969,0.0008179923752322793,996.8505859375,563.4634399414062,0.0005962648428976536,158.21473693847656,481.990478515625,0.0022482620552182198,1004.2244262695312,553.9170532226562,0.0020684630144387484,603.3782958984375,113.26962280273438,0.0041635408997535706,611.613525390625,942.9274291992188,0.002893049269914627,324.4366455078125,926.5895385742188,0.03359536454081535,626.001953125,559.177001953125,0.12614388763904572
18,540.2529296875,116.19351196289062,0.9999948740005493,606.864501953125,113.96878051757812,0.999916672706604,542.9989013671875,933.1317749023438,0.9992227554321289,614.7254028320312,934.6268310546875,0.9951950907707214,158.54205322265625,487.2750549316406,0.9978284239768982,157.5605010986328,561.84912109375,0.8064656257629395,1001.1807250976562,474.5649108886719,0.9989262223243713,1003.5929565429688,559.7619018554688,0.9862064719200134,543.6044921875,480.1994934082031,0.9992491602897644,614.7748413085938,479.0047912597656,0.998798131942749,540.5917358398438,563.0135498046875,0.9978502988815308,616.77099609375,566.1705932617188,0.998794436454773,159.27989196777344,484.8441467285156,0.004721364006400108,158.27581787109375,483.90142822265625,0.0010894834995269775,159.5399627685547,484.4219665527344,0.0006964051863178611,540.7657470703125,114.45903778076172,0.0008170214714482427,44.69932174682617,509.20452880859375,0.0006650146096944809,158.2960662841797,481.8992004394531,0.0022458662278950214,1004.266845703125,553.8822021484375,0.002058295765891671,603.3485717773438,113.23472595214844,0.0042113568633794785,611.656005859375,942.8435668945312,0.003456951817497611,325.3472595214844,926.76171875,0.008076861500740051,335.5360412597656,935.1971435546875,0.1648029088973999
19,540.2721557617188,116.1786880493164,0.9999949932098389,606.9032592773438,113.91175842285156,0.9999182224273682,542.786865234375,933.42041015625,0.9993058443069458,614.6902465820312,934.5811157226562,0.9955065250396729,158.51861572265625,487.3153991699219,0.9975845813751221,157.80990600585938,561.5237426757812,0.840516209602356,1001.02392578125,475.0627746582031,0.9989271759986877,1003.5964965820312,559.5535888671875,0.9859182834625244,543.5654907226562,480.3371887207031,0.9992895126342773,614.5897827148438,478.89617919921875,0.9988170862197876,540.4519653320312,563.0932006835938,0.9978983402252197,616.9427490234375,566.1845703125,0.9988343119621277,159.20387268066406,484.8728332519531,0.004303280264139175,158.24107360839844,483.9106140136719,0.0009534957935102284,159.55348205566406,484.42529296875,0.0006159137119539082,540.7701416015625,114.47196960449219,0.000797324231825769,996.8666381835938,563.3460083007812,0.0006395147065632045,158.28553771972656,481.8818054199219,0.0020197692792862654,1004.2904663085938,553.8287353515625,0.0022945906966924667,603.3265991210938,113.22625732421875,0.004181965719908476,611.388916015625,942.7687377929688,0.004175394307821989,625.8164672851562,525.7493896484375,0.006249451078474522,625.923583984375,559.3675537109375,0.12094617635011673
20,540.2725219726562,116.17826080322266,0.9999949932098389,606.902587890625,113.91184997558594,0.9999182224273682,543.151123046875,934.0843505859375,0.999583899974823,614.6455078125,934.5838623046875,0.9967947602272034,158.56723022460938,487.3942565917969,0.9976388216018677,157.69558715820312,561.365478515625,0.8329823613166809,1001.0101928710938,475.0757751464844,0.9989448189735413,1003.5936889648438,559.552001953125,0.9858273267745972,543.57763671875,480.326171875,0.999276340007782,614.514404296875,478.86126708984375,0.9988238215446472,540.431396484375,563.0365600585938,0.9980548620223999,616.984375,566.0183715820312,0.9989000558853149,159.2209014892578,484.9346008300781,0.0045798360370099545,158.2015838623047,483.94256591796875,0.0010150437010452151,159.5034942626953,484.45220947265625,0.0006502368487417698,540.7695922851562,114.47184753417969,0.0007973391329869628,44.4313850402832,508.9360046386719,0.0006711629685014486,158.24163818359375,481.8829650878906,0.0021081173326820135,1004.310302734375,553.8143310546875,0.002326671965420246,603.3265380859375,113.22638702392578,0.004186056554317474,610.9956665039062,942.6561279296875,0.004381845705211163,344.2768859863281,963.4297485351562,0.011629748158156872,625.8748779296875,559.1583251953125,0.13240383565425873
21,540.2721557617188,116.15595245361328,0.9999951124191284,606.8865356445312,113.8458251953125,0.9999141693115234,543.088134765625,933.9580078125,0.9996325969696045,614.7603149414062,934.8759765625,0.9976924657821655,158.47853088378906,487.314697265625,0.9975988268852234,157.7659912109375,561.5218505859375,0.7876538634300232,1001.2985229492188,475.0227966308594,0.9990091323852539,1003.617431640625,559.4686279296875,0.9854326844215393,543.5536499023438,480.3525695800781,0.9993508458137512,614.45556640625,478.87237548828125,0.998903751373291,540.4034423828125,563.0172119140625,0.9981526732444763,617.1000366210938,565.9280395507812,0.9988695979118347,159.20411682128906,484.8126525878906,0.004241254646331072,158.22377014160156,483.8622741699219,0.0009240240906365216,159.52813720703125,484.38189697265625,0.0005975720123387873,540.7606811523438,114.4750747680664,0.0007930596475489438,996.796875,563.2813110351562,0.0006663059466518462,158.28729248046875,481.8980407714844,0.001987714786082506,1004.2861938476562,553.7555541992188,0.002245198702439666,603.3231811523438,113.19656372070312,0.00417634192854166,611.0812377929688,942.6455688476562,0.004956868011504412,626.2201538085938,526.1565551757812,0.005930363200604916,625.982666015625,559.3544921875,0.12113737314939499
22,540.2889404296875,116.15090942382812,0.9999947547912598,606.8896484375,113.91206359863281,0.9999097585678101,543.0504150390625,933.8948364257812,0.9995542168617249,614.791015625,934.910888671875,0.9980691075325012,158.62489318847656,487.4293518066406,0.9975391626358032,157.8002471923828,561.2518920898438,0.8111585974693298,1001.0645751953125,475.0216064453125,0.9989564418792725,1003.605224609375,559.4525146484375,0.9856069087982178,543.5582275390625,480.36883544921875,0.9993413090705872,614.4473876953125,478.7862854003906,0.998723566532135,540.43408203125,563.089111328125,0.9980888962745667,617.05224609375,566.0169677734375,0.9988945126533508,159.25733947753906,484.9859924316406,0.004700718447566032,158.24066162109375,483.97149658203125,0.001022473443299532,159.54408264160156,484.4922180175781,0.0006665310356765985,540.7484741210938,114.465087890625,0.0008015384082682431,996.7998657226562,563.2719116210938,0.0006717034266330302,158.285400390625,481.926513671875,0.002171366708353162,1004.2810668945312,553.7750854492188,0.0022793805692344904,603.3484497070312,113.25088500976562,0.004158362280577421,611.1682739257812,942.6767578125,0.00661269249394536,625.95751953125,525.6964111328125,0.006701367907226086,625.95751953125,559.1749877929688,0.11069192737340927
23,540.2616577148438,116.09087371826172,0.9999943971633911,606.8515014648438,113.95832824707031,0.9999092817306519,542.796630859375,933.9751586914062,0.9994316697120667,614.9628295898438,935.1406860351562,0.9981111288070679,158.52865600585938,487.4544677734375,0.9973776340484619,157.7494354248047,561.174072265625,0.8142613768577576,1000.9041748046875,474.86090087890625,0.998936116695404,1003.6555786132812,559.73193359375,0.9861668944358826,543.6140747070312,480.3161926269531,0.9993070363998413,614.3965454101562,478.55633544921875,0.998751163482666,540.4740600585938,563.05322265625,0.9982959628105164,617.0573120117188,566.2069091796875,0.9988667964935303,159.15333557128906,484.86383056640625,0.004558521322906017,158.18563842773438,483.8872375488281,0.0010189615422859788,159.4945068359375,484.4015808105469,0.00067049142671749,540.7596435546875,114.44867706298828,0.0007998941582627594,44.260719299316406,508.5856628417969,0.0006934870616532862,158.2299346923828,481.831298828125,0.0021678642369806767,1004.348388671875,553.8984375,0.0020791443530470133,603.3518676757812,113.22061920166016,0.0040784114971756935,611.6047973632812,942.7437744140625,0.007937873713672161,83.69207000732422,972.864501953125,0.007207924500107765,626.2198486328125,559.4480590820312,0.09260610491037369
24,540.2662353515625,116.15779876708984,0.9999948740005493,606.7546997070312,113.92992401123047,0.9999064207077026,542.8213500976562,934.0601196289062,0.9994778037071228,614.800537109375,934.95849609375,0.9980983138084412,158.61636352539062,487.32501220703125,0.9973005652427673,157.74502563476562,561.2206420898438,0.8168351650238037,1001.2383422851562,474.3164978027344,0.9988790154457092,1003.6030883789062,559.8937377929688,0.9864493012428284,543.6203002929688,480.28692626953125,0.9992849230766296,614.5313720703125,478.63519287109375,0.9987983703613281,540.33154296875,562.92822265625,0.9981244206428528,617.046142578125,566.0286254882812,0.9988497495651245,159.1624755859375,484.9791564941406,0.005034842528402805,158.19393920898438,484.00518798828125,0.00114917301107198,159.45089721679688,484.4908447265625,0.0007478301413357258,543.9837646484375,924.61669921875,0.0009023688035085797,996.876708984375,563.6594848632812,0.0005810418515466154,158.2167510986328,481.8561096191406,0.0022144196555018425,537.8377685546875,934.896240234375,0.0019968145061284304,603.2603149414062,113.2990951538086,0.0042954194359481335,611.3167724609375,942.45263671875,0.009352849796414375,627.705810546875,922.3006591796875,0.008373835124075413,625.8385009765625,559.222900390625,0.10993699729442596
25,540.2606201171875,116.15606689453125,0.9999949932098389,606.7415771484375,113.93563842773438,0.9999079704284668,542.7637329101562,934.2205810546875,0.9994778037071228,614.9877319335938,935.0177001953125,0.998195230960846,158.60470581054688,487.48199462890625,0.9973772764205933,157.8100128173828,561.3798217773438,0.8325035572052002,1001.226318359375,474.353271484375,0.9989219903945923,1003.5620727539062,559.835693359375,0.9871137142181396,543.6071166992188,480.1285705566406,0.9993026256561279,614.4974365234375,478.49078369140625,0.9987607002258301,540.3377075195312,562.8438110351562,0.9981052875518799,617.02197265625,565.97705078125,0.9989950060844421,159.14430236816406,484.99444580078125,0.004897530656307936,158.1785125732422,483.96356201171875,0.0010916257742792368,159.4585418701172,484.48919677734375,0.0007115076296031475,544.038818359375,924.5697021484375,0.0009854907402768731,996.9049072265625,563.5549926757812,0.000615579541772604,158.216064453125,481.91217041015625,0.002207001205533743,537.90283203125,935.134765625,0.002028418006375432,603.251953125,113.2836685180664,0.00422329967841506,611.744873046875,942.42529296875,0.011968199163675308,627.6687622070312,922.1282958984375,0.010178537108004093,625.9214477539062,559.0083618164062,0.08759184926748276
26,540.2399291992188,116.14358520507812,0.999995231628418,606.6262817382812,113.82598114013672,0.9999070167541504,542.8009033203125,934.3428344726562,0.9994532465934753,614.9671630859375,934.8710327148438,0.9982916712760925,158.55499267578125,487.3738708496094,0.9972186088562012,157.77467346191406,561.4335327148438,0.8259778022766113,1001.1663208007812,474.2924499511719,0.9988935589790344,1003.4743041992188,559.950927734375,0.9866880774497986,543.531982421875,480.323974609375,0.9992989301681519,614.5234375,478.7607727050781,0.9986768364906311,540.292724609375,562.8001708984375,0.9978609681129456,617.0523071289062,565.902099609375,0.9989344477653503,159.1071319580078,484.91552734375,0.004221654962748289,158.13172912597656,483.9185791015625,0.0009340125834569335,159.41514587402344,484.4694519042969,0.0006071956595405936,544.0157470703125,924.6220092773438,0.0010750617366284132,996.8469848632812,563.7263793945312,0.000535791739821434,158.14752197265625,481.8804931640625,0.001911086030304432,537.9342651367188,935.2705078125,0.002033247146755457,603.1539306640625,113.23844146728516,0.004292051773518324,611.77978515625,942.2583618164062,0.013685029931366444,251.78936767578125,926.6382446289062,0.013201777823269367,625.8777465820312,558.6577758789062,0.0963548794388771
27,540.2721557617188,116.15480041503906,0.9999949932098389,606.68798828125,113.86811065673828,0.9999071359634399,542.4638061523438,934.3382568359375,0.999546468257904,614.9960327148438,934.705078125,0.9980267882347107,158.74298095703125,487.399658203125,0.9969828724861145,157.8396759033203,561.377197265625,0.8213889002799988,1001.190673828125,474.2812805175781,0.9988560676574707,1003.552001953125,559.98681640625,0.9860773086547852,543.5604858398438,480.360107421875,0.9992989301681519,614.5478515625,478.73553466796875,0.9987416863441467,540.3670043945312,562.7625122070312,0.9982117414474487,617.0012817382812,565.955810546875,0.9988412261009216,159.20773315429688,484.97552490234375,0.004618445876985788,158.2866668701172,483.98199462890625,0.0009766718139871955,159.53836059570312,484.5671691894531,0.0006460019503720105,544.0803833007812,924.6613159179688,0.00098254659678787,996.8622436523438,563.7412109375,0.0005696488660760224,158.21990966796875,481.89520263671875,0.0019471461419016123,537.5939331054688,935.3169555664062,0.001957007683813572,603.2584228515625,113.23814392089844,0.004352910909801722,611.8397216796875,941.8563842773438,0.012863469310104847,627.9677734375,922.2048950195312,0.013314061798155308,625.9891967773438,558.8877563476562,0.08832105249166489
28,540.2085571289062,116.11138916015625,0.9999946355819702,606.7557983398438,113.84475708007812,0.9998998641967773,542.883544921875,934.2798461914062,0.9994131326675415,615.0309448242188,934.6942138671875,0.9977679252624512,158.41717529296875,487.2290344238281,0.9974309802055359,157.64576721191406,561.3659057617188,0.8203868269920349,1001.1500854492188,474.30218505859375,0.9989283680915833,1003.601806640625,560.0442504882812,0.9863399267196655,543.6560668945312,480.33941650390625,0.9992341995239258,614.6303100585938,478.890869140625,0.9989035129547119,540.2693481445312,562.683837890625,0.9983055591583252,616.8372802734375,566.1608276367188,0.9986415505409241,159.0609588623047,484.82769775390625,0.004938798025250435,158.0315704345703,483.83856201171875,0.0011605097679421306,159.34878540039062,484.3208312988281,0.0007420898182317615,544.046630859375,924.5919189453125,0.0010779101867228746,996.8607177734375,563.7124633789062,0.000567563169170171,158.13116455078125,481.8498840332031,0.0023932834155857563,534.453125,929.0735473632812,0.0019478107569739223,603.3850708007812,113.22701263427734,0.003996356390416622,611.81201171875,941.8189697265625,0.014022364281117916,628.0136108398438,922.4232788085938,0.012616856023669243,626.1590576171875,559.0496826171875,0.09254245460033417
29,540.2625122070312,116.15975952148438,0.9999951124191284,606.682861328125,113.81855773925781,0.999901294708252,542.889404296875,934.3922729492188,0.9994252920150757,615.076171875,934.7743530273438,0.9980034232139587,158.4560089111328,487.34844970703125,0.9970791339874268,157.89932250976562,561.6236572265625,0.834696888923645,1001.2066040039062,474.2721862792969,0.9988658428192139,1003.7268676757812,559.9390869140625,0.9856244325637817,543.6222534179688,480.4251708984375,0.9992976188659668,614.5242919921875,478.5963439941406,0.9987711310386658,540.3880004882812,562.7383422851562,0.9982104301452637,616.94921875,566.0404052734375,0.9988571405410767,159.01019287109375,484.84716796875,0.004541946575045586,158.0983428955078,483.83135986328125,0.0010279102716594934,159.4290008544922,484.3072509765625,0.000668172026053071,544.1600952148438,924.5123291015625,0.0010623494163155556,996.936767578125,563.668212890625,0.000627203902695328,158.17796325683594,481.7713928222656,0.0021284541580826044,1004.3673095703125,554.0892333984375,0.0019804423209279776,603.2860107421875,113.29432678222656,0.004165688529610634,612.0186157226562,941.8945922851562,0.015827881172299385,628.1071166992188,922.3734741210938,0.014788352884352207,626.12158203125,558.8070068359375,0.13422822952270508
30,540.2215576171875,116.15534210205078,0.9999951124191284,606.6956787109375,113.74451446533203,0.9999104738235474,542.9066772460938,934.4779663085938,0.99941086769104,615.1343994140625,934.7977905273438,0.9979524612426758,158.6345977783203,487.27410888671875,0.9969133138656616,157.88919067382812,561.64453125,0.8454769253730774,1001.271484375,474.2715148925781,0.9988393187522888,1003.7237548828125,559.9050903320312,0.9851375818252563,543.5794067382812,480.25994873046875,0.9992803931236267,614.4337768554688,478.45654296875,0.9988131523132324,540.54296875,562.7908935546875,0.9978427886962891,616.9424438476562,566.0038452148438,0.9988434314727783,159.13172912597656,484.7056579589844,0.004426553845405579,158.18992614746094,483.7291259765625,0.0009549995884299278,159.5097198486328,484.29083251953125,0.0006243492243811488,544.1322631835938,924.6085815429688,0.00110842555295676,44.317508697509766,509.0387878417969,0.00064695137552917,158.1656036376953,481.7477722167969,0.0019756387919187546,1004.3784790039062,554.05029296875,0.0020592256914824247,603.2908935546875,113.2034683227539,0.003951409365981817,612.0740356445312,941.9566650390625,0.015768198296427727,628.0214233398438,922.355224609375,0.014462844468653202,625.9781494140625,558.8159790039062,0.11751571297645569
31,540.2199096679688,116.15279388427734,0.999995231628418,606.8089599609375,113.85197448730469,0.9999160766601562,542.9360961914062,934.487060546875,0.9993926286697388,615.1339111328125,934.6859741210938,0.9977797865867615,158.55026245117188,487.35028076171875,0.9970008730888367,157.75494384765625,561.4661865234375,0.8298964500427246,1001.2116088867188,474.3001708984375,0.9988922476768494,1003.684326171875,559.8931274414062,0.9855399131774902,543.6617431640625,480.3606872558594,0.9992927312850952,614.4539794921875,478.6092834472656,0.9988998174667358,540.3804931640625,562.7611083984375,0.997856080532074,616.9340209960938,566.1215209960938,0.9989942908287048,159.1091766357422,484.88671875,0.004550677724182606,158.17941284179688,483.84356689453125,0.0010035703890025616,159.50289916992188,484.3768005371094,0.0006499979645013809,314.4076843261719,1085.4752197265625,0.10421459376811981,44.13482666015625,508.6302185058594,0.0006770974141545594,158.2172393798828,481.8341064453125,0.0020955787040293217,308.8290710449219,1073.2640380859375,0.006530878599733114,301.51788330078125,1083.20947265625,0.10421523451805115,611.9487915039062,941.7553100585938,0.013330514542758465,241.22874450683594,926.3088989257812,0.02173776552081108,625.8250122070312,559.0023193359375,0.10916484147310257
32,540.1890869140625,116.08512878417969,0.9999949932098389,606.9313354492188,113.87516784667969,0.9999159574508667,542.8168334960938,934.3570556640625,0.9993977546691895,615.0985717773438,934.6032104492188,0.9978783130645752,158.4254913330078,487.3235778808594,0.9971473813056946,157.75643920898438,561.7232666015625,0.8137006759643555,1001.1892700195312,474.2248840332031,0.998906135559082,1003.7783813476562,559.8709106445312,0.9855755567550659,543.7452392578125,480.256103515625,0.9993383288383484,614.537109375,478.6333923339844,0.9989622831344604,540.2615966796875,562.831787109375,0.9979693293571472,616.96484375,566.0821533203125,0.9990940093994141,159.09803771972656,484.8822937011719,0.004696760326623917,158.15109252929688,483.8532409667969,0.0010837457375600934,159.45355224609375,484.34808349609375,0.0006965458742342889,330.27105712890625,1083.3109130859375,0.017144780606031418,996.9190673828125,563.5352172851562,0.0006242759991437197,349.5569763183594,1085.1456298828125,0.0024986774660646915,534.7778930664062,928.853271484375,0.0022524825762957335,603.4110107421875,113.23310852050781,0.004258519969880581,611.890625,941.7753295898438,0.013423833064734936,628.139404296875,922.1756591796875,0.01107411365956068,625.7105102539062,559.1760864257812,0.10761377960443497
33,540.2379760742188,116.16223907470703,0.9999949932098389,606.8389282226562,113.88136291503906,0.9999098777770996,542.9109497070312,934.1547241210938,0.9994157552719116,615.0310668945312,934.7255249023438,0.9980727434158325,158.6024627685547,487.2341613769531,0.9969452023506165,157.7630615234375,561.3148803710938,0.8033877611160278,1001.1517333984375,474.32830810546875,0.998939573764801,1003.8001708984375,559.9899291992188,0.9864237904548645,543.6661376953125,480.2100830078125,0.9993178844451904,614.4906005859375,478.68389892578125,0.9988915324211121,540.3131713867188,562.728515625,0.9978904128074646,616.9793701171875,566.2536010742188,0.9989991784095764,159.1898193359375,484.78607177734375,0.0042046369053423405,158.18724060058594,483.8163757324219,0.0009404603042639792,159.50144958496094,484.365478515625,0.0006231059087440372,343.1266174316406,1083.156005859375,0.0038585951551795006,996.9412231445312,563.717041015625,0.0006026570335961878,158.23594665527344,481.8100280761719,0.0019390140660107136,534.880615234375,928.65869140625,0.002388240769505501,603.3128662109375,113.2361068725586,0.00413148570805788,611.7399291992188,941.9429321289062,0.011878401972353458,628.1532592773438,922.5399169921875,0.009839077480137348,625.6942749023438,559.3441772460938,0.09662365913391113
34,540.2236938476562,116.1501693725586,0.9999949932098389,606.8286743164062,113.8865737915039,0.999907374382019,542.872802734375,934.1144409179688,0.9993659853935242,614.985595703125,934.75830078125,0.9980509281158447,158.5196533203125,487.43560791015625,0.9968812465667725,157.760986328125,561.6990966796875,0.8080057501792908,1001.1617431640625,474.3185119628906,0.9989258646965027,1003.804443359375,559.9902954101562,0.9863925576210022,543.6464233398438,480.2140808105469,0.9993127584457397,614.439453125,478.7098693847656,0.9988721013069153,540.2984619140625,562.69189453125,0.9980351328849792,616.9769897460938,566.1386108398438,0.9990436434745789,159.1342010498047,484.81805419921875,0.0042706988751888275,158.14501953125,483.8659362792969,0.0009459498105570674,345.3829040527344,1054.44482421875,0.0010791323147714138,346.8282165527344,1081.9549560546875,0.005845677573233843,996.9241943359375,563.7073364257812,0.0006048961076885462,158.22935485839844,481.7369079589844,0.0021103876642882824,534.863525390625,928.64794921875,0.0027510537765920162,603.32861328125,113.23451232910156,0.004117948934435844,611.671142578125,941.9957885742188,0.010774748399853706,261.2522888183594,924.4755859375,0.019031990319490433,625.6885375976562,559.237548828125,0.09933114051818848
35,540.2109985351562,116.17202758789062,0.9999949932098389,606.820068359375,113.8963394165039,0.9999089241027832,542.8292846679688,934.103271484375,0.9993516802787781,614.9526977539062,934.8966064453125,0.9981222748756409,158.60479736328125,487.27227783203125,0.996658205986023,157.81411743164062,561.3511962890625,0.8006522059440613,1001.1854248046875,474.36334228515625,0.9989400506019592,1003.8367309570312,560.0198974609375,0.9864714741706848,543.634521484375,480.162109375,0.9993078708648682,614.4487915039062,478.6838073730469,0.9988729357719421,540.3130493164062,562.61865234375,0.9980676770210266,616.9744262695312,566.2557983398438,0.9989916682243347,159.10745239257812,484.785400390625,0.004061587620526552,158.16683959960938,483.84368896484375,0.0008957069949246943,159.50820922851562,484.3835144042969,0.0005981072899885476,358.0941467285156,1083.94189453125,0.002292248187586665,996.9526977539062,563.7411499023438,0.0005833652103319764,158.2330322265625,481.7965087890625,0.001856283051893115,534.9156494140625,928.5725708007812,0.003075868356972933,603.3209838867188,113.23858642578125,0.004189813043922186,611.58056640625,942.2220458984375,0.011315018869936466,260.1093444824219,924.8311157226562,0.0390092208981514,625.7894287109375,559.5210571289062,0.09983383864164352
36,540.2109985351562,116.22417449951172,0.9999951124191284,606.786865234375,113.87862396240234,0.9999102354049683,542.917724609375,934.13671875,0.9993763566017151,615.0554809570312,934.7921142578125,0.9983087778091431,158.70272827148438,487.42572021484375,0.9969807267189026,157.81138610839844,561.674560546875,0.8288868069648743,1001.1511840820312,474.3379211425781,0.9989711046218872,1003.8145141601562,559.8692016601562,0.9861769080162048,543.5577392578125,480.13446044921875,0.9993318915367126,614.3059692382812,478.6627197265625,0.9988889098167419,540.188232421875,562.7228393554688,0.9979435801506042,616.957763671875,566.2081298828125,0.99903404712677,159.25169372558594,484.7080078125,0.004189182538539171,158.23980712890625,483.71636962890625,0.0009353603236377239,159.56033325195312,484.3289489746094,0.0006346621084958315,544.2986450195312,924.6071166992188,0.0009739413508214056,997.0052490234375,563.609375,0.000636054202914238,158.28457641601562,481.7486572265625,0.0021064358297735453,534.7957153320312,928.4080200195312,0.0026239792350679636,603.2697143554688,113.22901153564453,0.004192876163870096,611.58447265625,942.130126953125,0.00954450760036707,262.70050048828125,921.0076293945312,0.011717175133526325,277.16107177734375,858.186279296875,0.4212358295917511
37,540.0860595703125,116.1763687133789,0.9999951124191284,606.7095336914062,113.83126068115234,0.9999030828475952,542.71337890625,934.046142578125,0.9990420937538147,615.0913696289062,934.7103271484375,0.9981131553649902,158.7422332763672,487.2803039550781,0.9969779253005981,157.8133087158203,561.658935546875,0.8184173703193665,1001.1303100585938,474.4078674316406,0.9990052580833435,1003.6862182617188,559.8357543945312,0.9863990545272827,543.5679931640625,479.9642028808594,0.9992703795433044,614.4906005859375,478.78546142578125,0.9988923668861389,540.1281127929688,562.77001953125,0.997922956943512,616.9158325195312,566.1730346679688,0.998988687992096,159.36827087402344,484.66741943359375,0.004270954988896847,158.3218994140625,483.69146728515625,0.0009235150064341724,159.6291961669922,484.2913818359375,0.0006166896782815456,543.8934936523438,924.4852294921875,0.0015101208118721843,44.42900085449219,509.08831787109375,0.0006516954163089395,158.30929565429688,481.71331787109375,0.001997115556150675,534.8005981445312,928.3969116210938,0.0032969850581139326,603.2528686523438,113.25700378417969,0.004036403726786375,611.4121704101562,942.1204833984375,0.008641534484922886,627.9806518554688,922.4285888671875,0.007907449267804623,625.8247680664062,559.434326171875,0.11105861514806747
38,540.10498046875,116.16160583496094,0.9999953508377075,606.8104248046875,113.86983489990234,0.9999028444290161,542.9634399414062,934.15283203125,0.9989878535270691,614.9486083984375,934.6411743164062,0.9984242916107178,158.661376953125,487.4543762207031,0.9967061877250671,157.82667541503906,561.5826416015625,0.811601459980011,1001.082275390625,474.45684814453125,0.9991394281387329,1003.6636352539062,559.7429809570312,0.9883953332901001,543.4986572265625,480.2879638671875,0.9993830919265747,614.3948974609375,478.7397155761719,0.9988963603973389,540.0599975585938,562.7330932617188,0.9980643391609192,616.8922119140625,565.9423217773438,0.9990658164024353,159.21493530273438,484.7734680175781,0.003851316636428237,158.25241088867188,483.7900085449219,0.0008273030398413539,159.60328674316406,484.3506774902344,0.0005625479388982058,544.0043334960938,924.4879760742188,0.0011748826364055276,44.28144836425781,508.9527893066406,0.0007373154512606561,158.25172424316406,481.7245788574219,0.001909339684061706,535.20849609375,928.283935546875,0.002633310155943036,603.2493286132812,113.27090454101562,0.004027283750474453,611.3700561523438,942.1437377929688,0.009422549046576023,628.0027465820312,922.4011840820312,0.008217480964958668,625.6399536132812,559.0535278320312,0.10569921880960464
39,540.0999145507812,116.15834045410156,0.9999951124191284,606.826416015625,113.88175201416016,0.9999029636383057,542.83837890625,934.25,0.9986457228660583,614.74267578125,934.7911376953125,0.9984259605407715,158.50613403320312,487.1524658203125,0.9974172115325928,157.76222229003906,561.6185302734375,0.7967904806137085,1001.123046875,474.4022521972656,0.9991034865379333,1003.7081909179688,559.7081909179688,0.9884153604507446,543.583740234375,480.2831726074219,0.9993405938148499,614.2779541015625,478.85125732421875,0.998878538608551,540.0326538085938,562.7243041992188,0.9980679154396057,616.892822265625,565.8946533203125,0.9990630745887756,159.2001190185547,484.68231201171875,0.004278515465557575,158.10231018066406,483.824462890625,0.0009361752890981734,159.39779663085938,484.31549072265625,0.0005971171194687486,544.0513305664062,924.4747924804688,0.0011666901409626007,44.552860260009766,509.1033935546875,0.0006916271522641182,158.180419921875,481.7722473144531,0.0019054508302360773,1004.3468017578125,553.8003540039062,0.002418721094727516,603.2755737304688,113.25559997558594,0.003986133728176355,611.2310791015625,942.34130859375,0.009314811788499355,627.9931640625,922.4970703125,0.008434302173554897,625.6827392578125,559.1568603515625,0.10893210768699646
40,540.0731201171875,116.12297821044922,0.999995231628418,606.8267211914062,113.87110137939453,0.9999033212661743,542.9251708984375,934.2080688476562,0.9986245632171631,614.7913208007812,934.8824462890625,0.9982813596725464,158.62249755859375,487.10711669921875,0.9975160360336304,157.80862426757812,561.5459594726562,0.8150984048843384,1001.123046875,474.3857421875,0.9990993738174438,1003.7656860351562,559.6556396484375,0.9892377853393555,543.583984375,480.3442077636719,0.9993601441383362,614.4026489257812,478.71270751953125,0.9987295269966125,540.1223754882812,562.7384643554688,0.998015284538269,616.89892578125,565.9317016601562,0.9990049004554749,159.25662231445312,484.7065124511719,0.0036005396395921707,158.06410217285156,483.85760498046875,0.0007966817356646061,159.38040161132812,484.3663024902344,0.0005165900220163167,544.0609130859375,924.6480102539062,0.0010409073438495398,997.1171875,563.5750122070312,0.0006764147547073662,158.1304931640625,481.7929382324219,0.0016395030543208122,1004.4154663085938,553.7515869140625,0.002604022389277816,603.257080078125,113.22389221191406,0.004008562304079533,611.2691650390625,942.4894409179688,0.008462551049888134,625.7904052734375,525.5549926757812,0.008511665277183056,625.7178344726562,559.1436157226562,0.11341533064842224
41,540.0177001953125,116.06800842285156,0.9999945163726807,607.0109252929688,113.78319549560547,0.9999033212661743,542.9120483398438,934.1409301757812,0.9988413453102112,614.7406005859375,934.8412475585938,0.9980549812316895,158.636962890625,487.1741638183594,0.9975201487541199,157.74522399902344,561.5736694335938,0.8087306618690491,1001.2012329101562,474.3980407714844,0.9990247488021851,1003.8569946289062,559.5889892578125,0.9882926344871521,543.5848999023438,480.396728515625,0.9993664622306824,614.355224609375,478.69512939453125,0.99863201379776,540.0460815429688,562.8348999023438,0.9980554580688477,616.9279174804688,566.0545043945312,0.9989964365959167,159.30636596679688,484.6623229980469,0.0038336324505507946,158.15380859375,483.78350830078125,0.0008619813597761095,159.48013305664062,484.32366943359375,0.0005622534663416445,543.9743041992188,924.7877807617188,0.0010411706753075123,997.0480346679688,563.4854125976562,0.0006164840306155384,158.17494201660156,481.7922058105469,0.0018292859895154834,535.5335083007812,928.20166015625,0.004008499439805746,603.3523559570312,113.13858032226562,0.003936272580176592,611.0771484375,942.42919921875,0.008741061203181744,627.80615234375,922.4493408203125,0.00927524920552969,626.0073852539062,559.3497924804688,0.11629600822925568
42,540.05615234375,116.1150131225586,0.9999947547912598,606.9307861328125,113.85859680175781,0.9999018907546997,543.1380004882812,934.2799682617188,0.9990929365158081,614.8584594726562,934.9387817382812,0.9983283877372742,158.6412811279297,487.2081298828125,0.9975898265838623,157.7978973388672,561.4901123046875,0.8235153555870056,1001.0768432617188,474.5573425292969,0.9990622401237488,1003.869384765625,559.6605834960938,0.9891949892044067,543.5504760742188,480.5045166015625,0.9993852376937866,614.4249267578125,478.7901611328125,0.9988395571708679,540.1085205078125,562.5341186523438,0.9979966282844543,616.923095703125,565.9364013671875,0.9990853071212769,159.2707977294922,484.6224670410156,0.003932469990104437,158.12982177734375,483.7566223144531,0.0008617390412837267,159.47125244140625,484.3056335449219,0.0005621063173748553,544.1436157226562,924.804443359375,0.0009426550241187215,997.0350952148438,563.5256958007812,0.0006404222804121673,158.16860961914062,481.7580871582031,0.0018067042110487819,535.6458740234375,928.3684692382812,0.0034226372372359037,603.3350830078125,113.18765258789062,0.003933662082999945,611.174560546875,942.4269409179688,0.008595711551606655,627.9671630859375,922.6446533203125,0.008740875869989395,625.7667846679688,559.048583984375,0.11496463418006897
43,540.0730590820312,116.15694427490234,0.9999947547912598,606.8883056640625,113.84378814697266,0.9999042749404907,543.0740356445312,934.2359008789062,0.9991530179977417,614.8148193359375,934.8783569335938,0.9983276724815369,158.562255859375,487.1830139160156,0.9975008368492126,157.82656860351562,561.5420532226562,0.8096694350242615,1001.0833129882812,474.542724609375,0.9990248680114746,1003.8336791992188,559.6842041015625,0.9883890151977539,543.6075439453125,480.4228515625,0.9993283748626709,614.5177001953125,479.032958984375,0.9988064765930176,540.02001953125,562.6036987304688,0.9980911612510681,616.92578125,565.8048095703125,0.9991157650947571,159.25994873046875,484.6164855957031,0.003840432735159993,158.16427612304688,483.76007080078125,0.0008411561721004546,159.49395751953125,484.3013000488281,0.0005417846259661019,544.1358642578125,924.8032836914062,0.0009618890471756458,44.07346725463867,508.6450500488281,0.0005979457055218518,158.2056121826172,481.7350158691406,0.0017456930363550782,535.6154174804688,928.2677612304688,0.0035767678637057543,603.3699951171875,113.18144226074219,0.004082823637872934,611.1932373046875,942.4135131835938,0.00909842737019062,627.9412231445312,922.6273803710938,0.008776200003921986,625.83447265625,559.014892578125,0.1119094118475914
44,540.0107421875,116.16010284423828,0.9999943971633911,606.9140014648438,113.87995910644531,0.9999082088470459,543.0532836914062,934.2171630859375,0.9991220831871033,614.7642211914062,934.9171752929688,0.9982594847679138,158.4954071044922,487.06207275390625,0.9976619482040405,157.63992309570312,561.5621337890625,0.8094366192817688,1001.0307006835938,474.5515441894531,0.9991058707237244,1003.8352661132812,559.6939697265625,0.9886492490768433,543.5797119140625,480.3218078613281,0.9993389248847961,614.4642944335938,478.751220703125,0.9988178610801697,540.023681640625,562.5845947265625,0.9980850219726562,616.869140625,565.7819213867188,0.999135434627533,159.22731018066406,484.59014892578125,0.00410301610827446,158.12815856933594,483.7225646972656,0.0009471473749727011,159.42770385742188,484.2198791503906,0.0005960523849353194,351.8904113769531,1083.791015625,0.0013689245097339153,996.9407348632812,563.5386352539062,0.0006037631537765265,158.19508361816406,481.6567687988281,0.001860988326370716,535.7037353515625,928.1852416992188,0.002917659468948841,603.3514404296875,113.12711334228516,0.0038589562755078077,611.0296020507812,942.3541259765625,0.00989831704646349,627.874755859375,922.6695556640625,0.009107403457164764,625.830078125,559.1495971679688,0.12206912785768509
45,539.9602661132812,116.1006851196289,0.9999943971633911,606.9644775390625,113.84528350830078,0.9999111890792847,543.0527954101562,934.3836669921875,0.9992688298225403,614.7946166992188,934.9961547851562,0.9983360171318054,158.2447052001953,487.0360107421875,0.9978402853012085,157.7581024169922,561.4866333007812,0.8087142109870911,1001.0396728515625,474.4599609375,0.9990859031677246,1003.8302612304688,559.6719970703125,0.9885812401771545,543.4778442382812,480.3005065917969,0.9994391798973083,614.4370727539062,478.6841735839844,0.9988479614257812,540.0758056640625,562.6587524414062,0.9982047080993652,616.9013061523438,565.99365234375,0.9991093277931213,159.09759521484375,484.5172119140625,0.003958728164434433,157.97933959960938,483.705078125,0.0009406175231561065,159.29275512695312,484.1841735839844,0.0005943606956861913,356.32232666015625,1083.505615234375,0.0066732922568917274,997.0478515625,563.5242309570312,0.0006580768967978656,158.07736206054688,481.6576843261719,0.0018219122430309653,535.3707275390625,928.2088012695312,0.002673608483746648,350.3609313964844,1083.0867919921875,0.005947507452219725,611.33154296875,942.402099609375,0.011214465834200382,627.8361206054688,922.4511108398438,0.008470812812447548,625.865966796875,559.3675537109375,0.12259504199028015
46,540.13720703125,116.20230102539062,0.9999945163726807,607.0774536132812,113.98945617675781,0.9999110698699951,543.037353515625,934.2969970703125,0.9994356036186218,614.7579956054688,935.093994140625,0.998375654220581,158.301513671875,487.2118835449219,0.9976795315742493,157.7181854248047,561.5776977539062,0.8058336973190308,1001.0289306640625,474.4009704589844,0.99906986951828,1003.8280639648438,559.6669311523438,0.9892954230308533,543.5191650390625,480.5280456542969,0.9994207620620728,614.47705078125,478.6967468261719,0.9988275170326233,540.1980590820312,562.62646484375,0.9982602000236511,616.9473266601562,565.9962158203125,0.9991419315338135,159.1414337158203,484.6817626953125,0.004133469425141811,158.1125946044922,483.78466796875,0.0009167901007458568,159.42430114746094,484.2739562988281,0.0005724306683987379,366.5514221191406,1071.6820068359375,0.0032867954578250647,361.35211181640625,1070.6917724609375,0.00078102812403813,158.17800903320312,481.76483154296875,0.0018033268861472607,535.8211059570312,928.3382568359375,0.0038156192749738693,603.4097290039062,113.14339447021484,0.003755629528313875,611.2576904296875,942.5115356445312,0.01129570696502924,627.9120483398438,922.5565185546875,0.009137964807450771,625.8223876953125,559.47705078125,0.12575320899486542
47,540.1390380859375,116.21117401123047,0.9999946355819702,607.0015258789062,113.94667053222656,0.9999117851257324,543.2780151367188,934.1290283203125,0.9993658661842346,614.8135986328125,935.1212768554688,0.9982683658599854,158.3350372314453,487.1083984375,0.9979464411735535,157.6563720703125,561.585205078125,0.7991803884506226,1001.0335693359375,474.4765319824219,0.9990777969360352,1003.8391723632812,559.6802978515625,0.9888738393783569,543.5108642578125,480.5411376953125,0.9993826150894165,614.4073486328125,478.76300048828125,0.9988219141960144,540.1510620117188,562.6863403320312,0.9980432987213135,616.8536987304688,566.0465698242188,0.9990548491477966,159.21780395507812,484.6907043457031,0.004272031597793102,158.06793212890625,483.8048095703125,0.000977630726993084,543.5223999023438,937.2350463867188,0.001180920167826116,544.317138671875,924.6353149414062,0.0016986568225547671,44.13334274291992,508.8056335449219,0.0006358405225910246,158.115478515625,481.759033203125,0.001912195235490799,536.0245361328125,928.4492797851562,0.006517674773931503,603.3561401367188,113.15534210205078,0.003904337529093027,611.1253662109375,942.54541015625,0.010001854039728642,627.9627075195312,922.4027709960938,0.00879926048219204,625.7141723632812,559.2113037109375,0.13501887023448944
48,540.1414794921875,116.1942367553711,0.9999945163726807,607.0089721679688,113.94886016845703,0.9999113082885742,543.2192993164062,934.2877197265625,0.9990365505218506,614.9574584960938,935.1765747070312,0.9981808662414551,158.4683074951172,487.04107666015625,0.9977231621742249,157.76824951171875,561.5831909179688,0.817288339138031,1000.9193725585938,474.4179992675781,0.9991557598114014,1003.8361206054688,559.685791015625,0.9887729287147522,543.548828125,480.6059265136719,0.9993446469306946,614.5265502929688,478.8091125488281,0.9988018274307251,540.2234497070312,562.7034301757812,0.9980424642562866,616.8966674804688,566.2882690429688,0.9990211725234985,159.30381774902344,484.6461486816406,0.0044235833920538425,158.1826629638672,483.73931884765625,0.001007771585136652,543.4363403320312,937.2471313476562,0.0009650595602579415,400.7795104980469,1071.773681640625,0.01162696536630392,996.9169311523438,563.552001953125,0.0006142272031866014,158.15960693359375,481.72943115234375,0.002027928363531828,536.3075561523438,928.7374877929688,0.005254016723483801,603.3561401367188,113.1383056640625,0.003856825176626444,611.295166015625,942.6366577148438,0.009069583378732204,625.5503540039062,525.53125,0.00840216875076294,625.7591552734375,559.4144897460938,0.13548332452774048
49,540.1571655273438,116.23271179199219,0.9999945163726807,607.0496215820312,114.05194854736328,0.9999111890792847,543.23095703125,934.2140502929688,0.9976598024368286,614.9898681640625,935.1231689453125,0.9976773858070374,158.53338623046875,487.04290771484375,0.9977116584777832,157.729248046875,561.5406494140625,0.8108062744140625,1000.9679565429688,474.5887451171875,0.9991939663887024,1003.7767333984375,559.6884155273438,0.9884777665138245,543.5265502929688,480.4920959472656,0.9993765950202942,614.4086303710938,478.8741455078125,0.9987673759460449,540.2311401367188,562.7384033203125,0.9979040622711182,616.9520263671875,566.0925903320312,0.9990717172622681,159.32667541503906,484.762939453125,0.004560711327940226,158.1917724609375,483.83203125,0.0010207215091213584,543.6322631835938,930.003173828125,0.0008041318506002426,216.8577880859375,1016.7163696289062,0.002117518335580826,218.457763671875,1023.1727905273438,0.0028251803014427423,158.1898193359375,481.8043212890625,0.001976873492822051,251.583740234375,1006.5039672851562,0.015435267239809036,603.4266967773438,113.22399139404297,0.003759480081498623,610.983154296875,942.3975219726562,0.011456606909632683,627.7711791992188,922.4519653320312,0.008165793493390083,626.02880859375,559.4493408203125,0.11730878055095673
50,540.1358032226562,116.14423370361328,0.9999942779541016,606.933349609375,113.84915161132812,0.9999033212661743,543.27490234375,934.6597290039062,0.9861660003662109,614.971435546875,934.606201171875,0.994925856590271,158.69615173339844,486.9906311035156,0.9968177080154419,157.82061767578125,561.5997314453125,0.7950693964958191,1000.998291015625,474.6810607910156,0.999203622341156,1003.716796875,559.6497802734375,0.9873419404029846,543.4718627929688,480.3913879394531,0.9993450045585632,614.5009155273438,478.72686767578125,0.9986037611961365,540.2034301757812,562.8445434570312,0.998066246509552,616.788818359375,566.2091674804688,0.9990070462226868,159.3951416015625,484.7073974609375,0.004206623882055283,158.32916259765625,483.7889709472656,0.0009354308131150901,159.58401489257812,484.3374328613281,0.000599921157117933,544.4371337890625,926.1485595703125,0.001561660785228014,44.22758483886719,508.7046203613281,0.0006275470950640738,158.27951049804688,481.6419677734375,0.0018933978863060474,238.0974578857422,1021.3807373046875,0.013077972456812859,603.3116455078125,113.11933898925781,0.003875703550875187,610.7369995117188,939.5357055664062,0.013427850790321827,627.9657592773438,922.0980834960938,0.012727447785437107,626.0716552734375,559.380859375,0.16808851063251495
51,540.1766357421875,116.18490600585938,0.9999945163726807,606.9347534179688,113.84890747070312,0.9999040365219116,542.798095703125,937.2306518554688,0.6728790402412415,615.4930419921875,934.7139282226562,0.9459635615348816,158.58766174316406,486.98150634765625,0.9970486760139465,157.78662109375,561.616455078125,0.8054277896881104,1000.9990234375,474.6285400390625,0.9991801381111145,1003.7593383789062,559.6194458007812,0.9877651929855347,543.4276733398438,480.6112060546875,0.9993956089019775,614.6847534179688,479.0272216796875,0.998607337474823,540.2203979492188,563.0673217773438,0.9981536269187927,616.917724609375,566.0496826171875,0.99895179271698,105.260009765625,1085.6639404296875,0.020220456644892693,123.24588775634766,1079.4732666015625,0.01254634466022253,130.11956787109375,1080.34521484375,0.010380517691373825,187.14639282226562,1014.3773803710938,0.0059839398600161076,538.8746337890625,951.9157104492188,0.0007042475044727325,158.24819946289062,481.7437438964844,0.0020480460952967405,1004.3539428710938,553.66015625,0.002213115803897381,223.47560119628906,965.15625,0.015922455117106438,610.6892700195312,940.445068359375,0.0032132279593497515,382.0628662109375,995.724365234375,0.011034120805561543,626.0211791992188,559.087646484375,0.16725778579711914
52,540.1701049804688,116.1827621459961,0.9999946355819702,606.9210815429688,113.84074401855469,0.9999052286148071,528.7548217773438,1082.823974609375,0.5121532678604126,615.1923828125,935.0613403320312,0.8778012990951538,158.40313720703125,486.98626708984375,0.9973465204238892,157.724853515625,561.5763549804688,0.8015025854110718,1001.14794921875,474.53118896484375,0.9990181922912598,1003.8173217773438,559.6127319335938,0.9876192808151245,543.38671875,480.5380859375,0.9993921518325806,614.6942749023438,478.97369384765625,0.9987918734550476,540.2156982421875,563.0790405273438,0.9980272650718689,616.9474487304688,565.9544677734375,0.9988366961479187,159.21363830566406,484.6836853027344,0.005076617933809757,158.1197052001953,483.7662048339844,0.0011751535348594189,159.42076110839844,484.26422119140625,0.0007269189227372408,540.7465209960938,114.42707824707031,0.0008405247936025262,996.8377075195312,563.3186645507812,0.0005757871549576521,158.19821166992188,481.7379150390625,0.0022885098587721586,1004.46875,553.6394653320312,0.0022174592595547438,603.2867431640625,113.10102844238281,0.003972194157540798,609.9701538085938,939.7649536132812,0.005522784311324358,381.3050231933594,991.9266357421875,0.008691702969372272,625.8314819335938,558.6583862304688,0.16774335503578186
53,540.1784057617188,116.17835998535156,0.9999943971633911,606.9112548828125,113.82282257080078,0.9999006986618042,546.3651123046875,1085.3599853515625,0.9557284116744995,616.2744750976562,936.25537109375,0.7677225470542908,158.5056610107422,487.0316467285156,0.9972991347312927,157.6932373046875,561.529052734375,0.8174930810928345,1001.1727905273438,474.52447509765625,0.9990891218185425,1003.7477416992188,559.5394287109375,0.9887711405754089,543.4146118164062,480.6150207519531,0.9994480013847351,614.6817016601562,478.8187255859375,0.9986953139305115,540.2150268554688,562.9859619140625,0.9981958270072937,616.999267578125,566.0333862304688,0.9989222288131714,555.3087768554688,1085.8531494140625,0.00465442705899477,158.1724395751953,483.80322265625,0.0010110947769135237,159.47007751464844,484.32684326171875,0.0006333484197966754,540.745361328125,114.4323959350586,0.0008244974887929857,997.002197265625,563.3402709960938,0.0005709125543944538,158.2114715576172,481.7844543457031,0.0020045216660946608,1004.540283203125,553.5729370117188,0.00241331709548831,603.3086547851562,113.10233306884766,0.0038635653909295797,556.5798950195312,1086.4619140625,0.0019877611193805933,561.3132934570312,1028.42138671875,0.04277950897812843,625.8846435546875,559.0574951171875,0.16114100813865662
54,540.1392211914062,116.14453887939453,0.9999940395355225,606.9262084960938,113.86839294433594,0.9999021291732788,566.5437622070312,1088.1434326171875,0.5915300846099854,615.8685913085938,936.860595703125,0.8457545638084412,158.62646484375,487.1299133300781,0.9970237612724304,157.58802795410156,561.7804565429688,0.7972155213356018,1001.323486328125,474.558349609375,0.9990851879119873,1003.7803955078125,559.4400634765625,0.9885532855987549,543.4043579101562,480.4557800292969,0.999350368976593,614.7400512695312,478.6099853515625,0.9985105395317078,540.2925415039062,562.9696044921875,0.99783855676651,616.9451904296875,566.400390625,0.9988023042678833,159.34803771972656,484.74176025390625,0.004238124471157789,158.2430877685547,483.8219299316406,0.0009342167759314179,159.51043701171875,484.36175537109375,0.0005972377839498222,540.5289306640625,934.0997314453125,0.0014558080583810806,996.9915771484375,563.2206420898438,0.000613258802331984,158.23899841308594,481.7696228027344,0.001923907082527876,1004.6885986328125,553.478759765625,0.0024114293046295643,539.5892944335938,936.839599609375,0.010101351886987686,533.151611328125,934.30224609375,0.02449125610291958,575.9013061523438,1042.6009521484375,0.2563832402229309,625.8375854492188,559.2854614257812,0.15006275475025177
55,540.1551513671875,116.16799926757812,0.9999940395355225,606.8458251953125,113.79232788085938,0.9998923540115356,588.908935546875,1087.3662109375,0.344891756772995,615.6588745117188,935.9945678710938,0.8127575516700745,158.70791625976562,487.0907897949219,0.9973691701889038,157.70199584960938,561.5632934570312,0.8217251896858215,1001.2013549804688,474.6339416503906,0.9991791844367981,1003.7278442382812,559.4365234375,0.9897516965866089,543.60546875,480.33551025390625,0.9993614554405212,614.752685546875,478.58148193359375,0.998802661895752,540.1378784179688,562.7067260742188,0.9978814721107483,616.8350219726562,566.40087890625,0.9986435770988464,159.4840850830078,484.6673278808594,0.004176966845989227,330.48040771484375,1004.5276489257812,0.005104852840304375,326.0042724609375,1010.6016845703125,0.0013286061584949493,321.29766845703125,1035.336669921875,0.0011228700168430805,996.9207763671875,563.1730346679688,0.0006530654500238597,158.30545043945312,481.728271484375,0.0020353680010885,1004.6243896484375,553.4490356445312,0.0025707397144287825,603.2988891601562,113.08552551269531,0.0038254649844020605,532.8668212890625,932.7493896484375,0.005655005108565092,613.665283203125,944.30712890625,0.005578113254159689,626.1281127929688,559.24169921875,0.0851733386516571
56,540.1844482421875,116.14364624023438,0.9999939203262329,606.874755859375,113.7703857421875,0.9998898506164551,598.2545166015625,1078.7215576171875,0.4367334246635437,615.4774780273438,936.6328125,0.6945911645889282,158.83258056640625,487.140869140625,0.9970290064811707,157.68995666503906,561.4832763671875,0.8349761366844177,1001.2374267578125,474.68505859375,0.9991027116775513,1003.6412963867188,559.4375610351562,0.985506534576416,543.6781616210938,480.33673095703125,0.9993378520011902,614.69970703125,478.36773681640625,0.9986019730567932,540.1553955078125,562.753662109375,0.9978984594345093,616.8307495117188,566.343505859375,0.9986969828605652,349.1905212402344,1082.563232421875,0.009140878915786743,346.4951477050781,1074.3472900390625,0.061934683471918106,343.20452880859375,1070.691162109375,0.04587835073471069,328.45330810546875,1038.7498779296875,0.024521445855498314,342.61614990234375,1053.466552734375,0.0244368314743042,158.30224609375,481.7804260253906,0.001926404656842351,333.6763916015625,1024.083740234375,0.02733522281050682,603.3840942382812,113.10447692871094,0.00384984421543777,534.373779296875,932.7069702148438,0.009738007560372353,538.04833984375,919.9105834960938,0.005785372573882341,626.1560668945312,559.3599243164062,0.08336551487445831
57,540.2045288085938,116.21226501464844,0.999994158744812,606.8846435546875,113.79214477539062,0.9998942613601685,156.35459899902344,567.7632446289062,0.20668043196201324,615.35009765625,936.4014892578125,0.234174907207489,158.90139770507812,487.1089782714844,0.997133731842041,157.6535186767578,561.5296020507812,0.8444452285766602,1001.2046508789062,474.66168212890625,0.9991119503974915,1003.6559448242188,559.456298828125,0.9858347773551941,543.6133422851562,480.5101318359375,0.9993460774421692,614.6939697265625,478.54931640625,0.9985589385032654,540.1437377929688,562.9476928710938,0.9978329539299011,616.7440185546875,566.3297729492188,0.9988865256309509,159.52865600585938,484.772216796875,0.004380865953862667,158.3883819580078,483.8329162597656,0.0009305914281867445,159.6513671875,484.410888671875,0.0006090070819482207,540.7427368164062,114.46688079833984,0.0008067022426985204,1000.4454956054688,560.5206298828125,0.00059901038184762,158.32215881347656,481.7845458984375,0.001967157470062375,1004.5194702148438,553.5383911132812,0.0022183686960488558,603.3416748046875,113.09912872314453,0.003882251912727952,612.407958984375,952.3429565429688,0.002147784922271967,617.244873046875,945.0484619140625,0.036877330392599106,626.0054321289062,559.4251098632812,0.09262974560260773
58,540.1871948242188,116.2285385131836,0.999994158744812,606.88525390625,113.78246307373047,0.9998952150344849,156.2712860107422,567.7173461914062,0.20097029209136963,614.7363891601562,937.1734008789062,0.6492230892181396,158.72854614257812,487.07415771484375,0.9974470138549805,157.6771240234375,561.364501953125,0.8374693393707275,1001.1355590820312,474.8138427734375,0.9991406202316284,1003.6546630859375,559.4619750976562,0.9850786924362183,543.6046752929688,480.376953125,0.9993457198143005,614.6592407226562,478.7232971191406,0.9985130429267883,540.1223754882812,562.9462280273438,0.9977241158485413,616.7079467773438,566.2356567382812,0.9989332556724548,159.55560302734375,484.77056884765625,0.0047470214776694775,158.3214874267578,483.792236328125,0.0010557008208706975,159.55979919433594,484.3597412109375,0.0006696784403175116,461.5297546386719,1079.9515380859375,0.0101779168471694,1000.5126953125,560.4041137695312,0.000601483799982816,158.3667755126953,481.8052978515625,0.0022566616535186768,450.3725891113281,1086.97509765625,0.0035824840888381004,465.02117919921875,1071.6474609375,0.004123445600271225,465.7233581542969,1076.66259765625,0.007238836959004402,616.181396484375,945.5009765625,0.008526761084794998,626.16064453125,559.5486450195312,0.09208755940198898
59,540.1875610351562,116.22488403320312,0.9999940395355225,606.8530883789062,113.75506591796875,0.9998914003372192,554.6102294921875,1074.871337890625,0.43781548738479614,614.9786376953125,937.2573852539062,0.7234737873077393,158.7818145751953,487.0869445800781,0.9974532723426819,157.74484252929688,561.4068603515625,0.838760495185852,1001.1127319335938,474.81488037109375,0.9991532564163208,1003.65576171875,559.4622802734375,0.9859716296195984,543.39453125,480.4066467285156,0.9993768334388733,614.6754760742188,478.8002014160156,0.9986799359321594,539.9730834960938,562.8955078125,0.997612476348877,616.6849365234375,566.395751953125,0.9988941550254822,159.5363311767578,484.7642517089844,0.0045721083879470825,568.2518920898438,1083.480224609375,0.0013596740318462253,159.60482788085938,484.3681640625,0.0006375954835675657,540.7435913085938,114.46957397460938,0.0007962392410263419,44.1506462097168,509.1511535644531,0.0006940514431335032,158.36297607421875,481.8017272949219,0.0021486179903149605,1004.6135864257812,553.5119018554688,0.0019923236686736345,587.0964965820312,1059.511962890625,0.004143175203353167,534.6979370117188,932.7442016601562,0.01267928071320057,578.2178955078125,1039.79345703125,0.3673996031284332,626.2382202148438,559.4808959960938,0.07763035595417023
60,540.4368286132812,116.2470932006836,0.9999934434890747,607.1682739257812,113.87325286865234,0.9999018907546997,156.2614288330078,567.7202758789062,0.2016499638557434,614.6868896484375,936.7675170898438,0.628983199596405,158.737060546875,487.0866394042969,0.9973636269569397,157.66729736328125,561.3724975585938,0.8336278796195984,1001.204833984375,474.44732666015625,0.9991040825843811,1003.1239624023438,559.5291137695312,0.9880054593086243,543.5889892578125,480.3663024902344,0.9993243217468262,614.6535034179688,478.6076965332031,0.9987908005714417,540.2275390625,562.84228515625,0.9977962970733643,616.7376708984375,566.4445190429688,0.9988797307014465,159.53089904785156,484.6813049316406,0.004694874864071608,158.32859802246094,483.7140808105469,0.0010607101721689105,159.58262634277344,484.2996520996094,0.0006853397935628891,529.0269775390625,939.233642578125,0.0012897397391498089,1000.4652099609375,560.227783203125,0.000709826941601932,158.3964080810547,481.7518615722656,0.0023058149963617325,1004.5477294921875,553.2142333984375,0.0021761367097496986,603.4210815429688,113.11042022705078,0.00389612908475101,534.001220703125,932.5476684570312,0.009095754474401474,616.2647705078125,943.7927856445312,0.006469791755080223,626.1950073242188,559.1674194335938,0.09941805154085159
61,539.8845825195312,116.10269165039062,0.9999939203262329,606.9030151367188,113.52044677734375,0.9998539686203003,532.9069213867188,1085.0218505859375,0.2366751730442047,614.8015747070312,937.5499267578125,0.7486787438392639,158.9339141845703,487.2354431152344,0.9935083389282227,157.81507873535156,561.8560180664062,0.7902849912643433,1001.1221923828125,473.94287109375,0.9989001750946045,1003.54150390625,559.2382202148438,0.9830909371376038,543.5232543945312,479.99725341796875,0.9992831349372864,614.7626953125,478.2227478027344,0.9993127584457397,539.8007202148438,562.94189453125,0.9979389309883118,616.5870361328125,566.0864868164062,0.9987701773643494,159.13510131835938,483.9764709472656,0.0026636156253516674,158.5735321044922,483.2742614746094,0.0005711314151994884,159.79534912109375,483.9851379394531,0.0004293242818675935,527.935791015625,939.4091186523438,0.0013674272922798991,44.62504959106445,507.9403076171875,0.0005652570980601013,158.2700653076172,481.0700988769531,0.001341252587735653,530.4503173828125,928.3262939453125,0.0013105777325108647,603.349365234375,112.93885803222656,0.0033819680102169514,533.8159790039062,933.0889282226562,0.0071892631240189075,625.4359130859375,524.2733764648438,0.003465823596343398,626.2449951171875,559.6111450195312,0.04981730878353119
62,540.0440673828125,116.02214050292969,0.9999927282333374,606.9489135742188,113.62435913085938,0.9998582601547241,536.1600952148438,1075.225341796875,0.5544537901878357,614.65185546875,937.6254272460938,0.6679922342300415,158.9828338623047,487.0165100097656,0.993929386138916,157.7757110595703,561.8262939453125,0.7979116439819336,1001.2025146484375,473.9143981933594,0.9988093376159668,1003.4509887695312,559.3535766601562,0.9816951751708984,543.5557861328125,479.90435791015625,0.9992793202400208,614.8431396484375,478.4484558105469,0.9992119073867798,539.9448852539062,563.0205078125,0.9979140162467957,616.6045532226562,566.3720703125,0.9987655878067017,159.31414794921875,483.74261474609375,0.0030847317539155483,158.6407012939453,483.0762634277344,0.0006917210994288325,159.8860321044922,483.7808532714844,0.0005082405405119061,540.759765625,114.31394958496094,0.0008583308081142604,44.628360748291016,507.79852294921875,0.0005123416776768863,158.3748321533203,480.9739685058594,0.001545530278235674,1004.68310546875,553.417724609375,0.0011096663074567914,603.4364013671875,113.05489349365234,0.0033110943622887135,533.755615234375,933.0718994140625,0.0015977397561073303,534.679443359375,917.116943359375,0.003070906735956669,626.4862670898438,559.6976928710938,0.06523417681455612
63,540.1859130859375,116.07595825195312,0.9999922513961792,607.0419921875,113.6313247680664,0.9998408555984497,538.2138671875,1074.063232421875,0.9162875413894653,614.6434326171875,937.9207763671875,0.6861056685447693,159.03323364257812,486.8210144042969,0.9934309124946594,157.76223754882812,561.5120849609375,0.7754510641098022,1001.444580078125,474.972412109375,0.9988247752189636,1003.5577392578125,559.3670654296875,0.9801384210586548,543.5435791015625,479.7930908203125,0.9991878867149353,615.020751953125,478.4725036621094,0.9992419481277466,539.9398193359375,563.1356811523438,0.9978393316268921,616.808349609375,566.2566528320312,0.9988125562667847,159.36692810058594,483.6453857421875,0.0027868913020938635,158.70729064941406,483.11773681640625,0.0006118390010669827,159.90176391601562,483.8146667480469,0.0004464851808734238,540.7631225585938,114.37254333496094,0.0008586898329667747,605.005615234375,943.5946655273438,0.000583929882850498,158.3511505126953,480.8987731933594,0.0013033647555857897,1004.6272583007812,553.4179077148438,0.001224804320372641,603.4845581054688,113.1116943359375,0.0031284585129469633,609.42333984375,946.0657958984375,0.0011019512312486768,575.9954833984375,1041.4481201171875,0.06488950550556183,625.9361572265625,559.6134643554688,0.06473568826913834
64,540.068115234375,115.9122085571289,0.9999926090240479,607.0115966796875,113.64852905273438,0.9998341798782349,538.8164672851562,1073.8277587890625,0.48677054047584534,614.2683715820312,935.4855346679688,0.8264005780220032,158.6954803466797,487.00640869140625,0.9953617453575134,157.8104705810547,562.0172119140625,0.8153652548789978,1001.2276000976562,474.0294189453125,0.9989150762557983,1003.508544921875,559.489990234375,0.9779580235481262,543.4652709960938,479.7168273925781,0.9991565942764282,614.75048828125,478.5480041503906,0.9991119503974915,540.0847778320312,562.9727783203125,0.997992753982544,616.5302124023438,566.3828735351562,0.9988054037094116,526.964111328125,927.8290405273438,0.004060016013681889,158.4007110595703,482.9156188964844,0.0006664145621471107,159.63482666015625,483.5987243652344,0.00047884881496429443,484.5684509277344,1006.1693115234375,0.0026654961984604597,606.6243286132812,945.6586303710938,0.0005938502144999802,158.04190063476562,480.9770812988281,0.0015386611921712756,1004.540283203125,553.4720458984375,0.0011038270313292742,603.5244750976562,113.10637664794922,0.003453219775110483,609.8326416015625,945.8858642578125,0.001017383299767971,574.5775756835938,1048.029296875,0.003679368644952774,625.9049072265625,559.5033569335938,0.07125070691108704
65,540.0240478515625,115.91934967041016,0.999993085861206,606.9869384765625,113.6059341430664,0.9998378753662109,156.6207275390625,567.9125366210938,0.16966737806797028,615.327392578125,936.18701171875,0.93177330493927,158.70912170410156,487.0256652832031,0.9949955940246582,157.9739227294922,561.9950561523438,0.8281309008598328,1001.2035522460938,474.0743408203125,0.9990559220314026,1003.4690551757812,559.5140991210938,0.9831250905990601,543.5460205078125,479.7359313964844,0.9992117881774902,614.76513671875,478.1854553222656,0.9993062019348145,540.168701171875,563.1987915039062,0.9981051683425903,616.6258544921875,566.4451293945312,0.9988731741905212,159.00352478027344,483.575927734375,0.0026619278360158205,158.39353942871094,482.9816589355469,0.0005983094451949,159.6382598876953,483.6452941894531,0.0004249558551236987,482.81854248046875,982.0823364257812,0.002274988451972604,1000.527099609375,560.2345581054688,0.0004453672154340893,158.03407287597656,480.9737243652344,0.0013542372034862638,1004.6251220703125,553.344970703125,0.0012332915794104338,603.5327758789062,113.16400146484375,0.0035143594723194838,612.1331176757812,944.5111083984375,0.0007054546731524169,625.8886108398438,524.9922485351562,0.006137135438621044,626.1743774414062,559.7213134765625,0.09263350069522858
66,540.0342407226562,116.05162048339844,0.9999934434890747,607.0000610351562,113.65054321289062,0.9998496770858765,156.65621948242188,567.7191162109375,0.15914574265480042,614.9459838867188,936.186279296875,0.9401612877845764,159.01693725585938,487.0682067871094,0.993855893611908,158.04852294921875,561.6698608398438,0.8104924559593201,1001.342041015625,474.8141174316406,0.9989927411079407,1003.4629516601562,559.5173950195312,0.9819989204406738,543.5360717773438,479.7527770996094,0.9992246627807617,615.0294799804688,478.5958251953125,0.9991618394851685,540.0985717773438,563.024658203125,0.9979185461997986,616.69580078125,566.3773803710938,0.9988162517547607,532.170654296875,917.7659301757812,0.004858733620494604,499.66339111328125,1084.3289794921875,0.001112157478928566,498.94061279296875,1083.5404052734375,0.0008830996812321246,500.3692626953125,1024.7574462890625,0.019223086535930634,532.295654296875,123.95344543457031,0.00044335389975458384,512.9949951171875,924.41552734375,0.001801538048312068,1004.620849609375,553.4271850585938,0.0011756332824006677,526.713623046875,1058.02783203125,0.009704677388072014,502.8485412597656,1084.1279296875,0.011956562288105488,306.60772705078125,969.5215454101562,0.014567311853170395,294.6374816894531,947.732177734375,0.2011839598417282
67,540.0386352539062,116.09489440917969,0.9999940395355225,606.9130859375,113.66726684570312,0.9998617172241211,156.77883911132812,567.6387939453125,0.16909721493721008,614.918701171875,936.2908935546875,0.9371688961982727,158.91473388671875,487.3105163574219,0.9933300614356995,158.01219177246094,561.7658081054688,0.7969619631767273,1001.32470703125,474.7026672363281,0.9989092350006104,1003.5228271484375,559.4129638671875,0.9789369702339172,543.6552734375,479.85198974609375,0.9991679191589355,615.1463012695312,478.64508056640625,0.9991933703422546,539.9672241210938,563.0782470703125,0.9978134632110596,616.547119140625,566.3525390625,0.9988766312599182,515.1862182617188,1093.3853759765625,0.05284217372536659,511.0865173339844,1080.726806640625,0.08936905860900879,508.7827453613281,1068.2852783203125,0.021973472088575363,501.83160400390625,1002.4495239257812,0.19901177287101746,522.7757568359375,1035.042236328125,0.02145022340118885,493.7886047363281,1062.9654541015625,0.004709241911768913,345.6304016113281,951.944091796875,0.0031439505983144045,603.4212036132812,113.18389892578125,0.003586915787309408,337.16741943359375,956.1427612304688,0.007164351642131805,319.8597106933594,959.5916137695312,0.006140399258583784,626.1393432617188,559.3786010742188,0.07068317383527756
