RID,PI,PI_entries,Anxiety_index,nose.dip,bodycentre.raw.distance,bodycentre.distance.moving,bodycentre.raw.speed,bodycentre.speed.moving,bodycentre.time.moving,bodycentre.total.time,bodycentre.time.stationary,bodycentre.percentage.moving,bodycentre.center.raw.distance,bodycentre.center.distance.moving,bodycentre.center.raw.speed,bodycentre.center.speed.moving,bodycentre.center.time.moving,bodycentre.center.total.time,bodycentre.center.time.stationary,bodycentre.center.percentage.moving,bodycentre.center.transitions,bodycentre.open.raw.distance,bodycentre.open.distance.moving,bodycentre.open.raw.speed,bodycentre.open.speed.moving,bodycentre.open.time.moving,bodycentre.open.total.time,bodycentre.open.time.stationary,bodycentre.open.percentage.moving,bodycentre.open.transitions,bodycentre.closed.raw.distance,bodycentre.closed.distance.moving,bodycentre.closed.raw.speed,bodycentre.closed.speed.moving,bodycentre.closed.time.moving,bodycentre.closed.total.time,bodycentre.closed.time.stationary,bodycentre.closed.percentage.moving,bodycentre.closed.transitions,bodycentre.closed.top.raw.distance,bodycentre.closed.top.distance.moving,bodycentre.closed.top.raw.speed,bodycentre.closed.top.speed.moving,bodycentre.closed.top.time.moving,bodycentre.closed.top.total.time,bodycentre.closed.top.time.stationary,bodycentre.closed.top.percentage.moving,bodycentre.closed.top.transitions,bodycentre.closed.bottom.raw.distance,bodycentre.closed.bottom.distance.moving,bodycentre.closed.bottom.raw.speed,bodycentre.closed.bottom.speed.moving,bodycentre.closed.bottom.time.moving,bodycentre.closed.bottom.total.time,bodycentre.closed.bottom.time.stationary,bodycentre.closed.bottom.percentage.moving,bodycentre.closed.bottom.transitions,bodycentre.open.left.raw.distance,bodycentre.open.left.distance.moving,bodycentre.open.left.raw.speed,bodycentre.open.left.speed.moving,bodycentre.open.left.time.moving,bodycentre.open.left.total.time,bodycentre.open.left.time.stationary,bodycentre.open.left.percentage.moving,bodycentre.open.left.transitions,bodycentre.open.right.raw.distance,bodycentre.open.right.distance.moving,bodycentre.open.right.raw.speed,bodycentre.open.right.speed.moving,bodycentre.open.right.time.moving,bodycentre.open.right.total.time,bodycentre.open.right.time.stationary,bodycentre.open.right.percentage.moving,bodycentre.open.right.transitions
320_T1,0.35068411659726356,0.6811594202898551,0.4840782315564407,14,1333.3447630761952,708.0300828586746,4.472167389330794,9.942247903732643,71.21428571428571,298.14285714285717,226.92857142857144,23.885960709151888,120.2275317589468,46.51053097364013,3.5736421329623256,8.681965781746158,5.357142857142857,33.642857142857146,28.28571428571429,15.923566878980889,37,779.0357911121145,473.74151353654514,4.996106768469812,10.266843946612433,46.142857142857146,155.92857142857142,109.78571428571428,29.59230416857536,22,330.4723503081085,145.69953741053092,3.9241839731242734,9.901910309453557,14.714285714285714,84.21428571428571,69.5,17.472434266327397,47,156.73153333571202,62.40449804459133,3.7701743414088797,10.400749674098556,6,41.57142857142857,35.57142857142857,14.432989690721651,42,173.74081697239646,83.29503936593959,4.074324016103099,9.558447140353723,8.714285714285714,42.642857142857146,33.92857142857143,20.43551088777219,7,461.7151434422473,273.9333558683008,4.788157043104787,10.36504589771949,26.428571428571427,96.42857142857143,70,27.4074074074074,18,317.3206476698671,199.8081576682443,5.333120128905329,10.135196403461668,19.714285714285715,59.5,39.785714285714285,33.13325330132053,6
321_T1,0.35884455032757595,0.65,0.495577724836212,14,1474.2195238236668,873.1446654040126,4.94467497209663,9.834292289345274,88.78571428571429,298.14285714285717,209.3571428571429,29.779587925251555,173.2297741075038,77.45851605911253,4.60192948293179,7.915468794361864,9.785714285714286,37.642857142857146,27.85714285714286,25.996204933586338,54,821.3063428024453,549.9934082122345,5.3405893168760965,10.280250620789431,53.5,153.78571428571428,100.28571428571428,34.78866697631213,28,383.9940159215824,194.38684879122542,4.4613412638192145,9.896057756644204,19.642857142857142,86.07142857142857,66.42857142857143,22.821576763485478,52,217.92703771203014,103.97606900673362,4.480144681304584,10.251161733058245,10.142857142857142,48.642857142857146,38.5,20.85168869309838,38,166.06697820955225,90.4107797844918,4.4369039979651355,9.5169241878412425,9.5,37.42857142857143,27.92857142857143,25.38167938931298,16,562.5032781837521,359.52788455550564,4.807720326356856,9.792588295286146,36.714285714285715,117,80.28571428571428,31.37973137973138,19,258.8030646186932,190.46552365672886,7.035423115847971,11.346882260400868,16.785714285714285,36.785714285714285,20,45.631067961165044,9
322_T1,0.33883579496090355,0.4727272727272727,0.5942184661559119,13,1496.9905109282931,902.7491904993869,5.021051066841424,10.989990145209928,82.14285714285714,298.14285714285717,216.00000000000003,27.55150934355534,194.79769878783014,70.60319141302791,3.787733031985587,8.306257813297401,8.5,51.42857142857143,42.92857142857143,16.52777777777778,55,998.5299704255451,689.5452847428254,6.123267448952095,12.11246422383884,56.92857142857143,163.07142857142858,106.14285714285715,34.91020586947,29,303.63776972060447,142.60071434353364,3.633272458195267,8.531666670125944,16.714285714285715,83.57142857142857,66.85714285714286,20,26,101.98164511650725,34.934256428821136,3.3515094639227736,8.017698196778621,4.357142857142857,30.428571428571427,26.07142857142857,14.319248826291078,14,201.65612460409722,107.6664579147125,3.7946044952383886,8.712892548011416,12.357142857142858,53.142857142857146,40.78571428571429,23.25268817204301,12,533.0555134483084,340.4963080847355,5.5817331251131765,11.947238880166159,28.5,95.5,67,29.84293193717277,13,465.4744569772368,349.0489766580899,6.888628327358684,12.278104706565976,28.428571428571427,67.57142857142857,39.14285714285714,42.071881606765324,16
324_T1,0.48726500909642206,0.6268656716417911,0.4429346596308934,16,1534.1734856527742,912.469110441218,5.1457663629944514,10.99360374025564,83,298.14285714285717,215.14285714285717,27.839003354096786,223.61903165595947,78.29456867502736,3.850758232697949,7.665202527625057,10.214285714285714,58.07142857142857,47.857142857142854,17.589175891758916,53,786.0729207601269,545.674593015508,6.5079957957668695,11.627769105353291,46.92857142857143,120.78571428571429,73.85714285714286,38.85274985215849,25,492.5174409757693,261.9639409128076,4.290755552993634,11.147401740970533,23.5,114.78571428571429,91.28571428571429,20.472930927193527,42,212.8505082289631,100.50827376266946,4.401635325266593,10.741342234178415,9.357142857142858,48.357142857142854,39,19.350073855243725,24,279.6669327468062,161.4556671501381,4.210039847801384,11.416057273242089,14.142857142857142,66.42857142857143,52.28571428571429,21.29032258064516,18,485.0418336788199,300.7125518247513,5.813857595465306,11.167044364844877,26.928571428571427,83.42857142857143,56.5,32.27739726027397,15,301.03108708130696,244.9620411907567,8.05819353563728,12.248102059537835,20,37.357142857142854,17.357142857142854,53.53728489483748,10
325_T1,0.13863773357444242,0.3064516129032258,0.7774553267611659,6.5,1216.712306401693,660.7355262456547,4.080970840829828,9.88279633273415,66.85714285714286,298.14285714285717,231.2857142857143,22.42453282223287,191.57173574905866,48.70485698616674,3.13318259402666,8.315463387882126,5.857142857142857,61.142857142857146,55.28571428571429,9.579439252336448,56,949.3452949087981,604.9497332486571,4.650396826005309,10.070506855506776,60.07142857142857,204.14285714285714,144.07142857142856,29.426172148355494,43,75.79527574383626,7.08093601083078,2.306812740029799,7.625623396279302,0.9285714285714286,32.857142857142854,31.928571428571427,2.8260869565217392,19,48.62665507687983,4.993773970588041,2.27683334808133,6.991283558823258,0.7142857142857143,21.357142857142858,20.642857142857142,3.3444816053511706,11,27.16862066695643,2.087162040242739,2.362488753648385,9.740089521132782,0.21428571428571427,11.5,11.285714285714286,1.8633540372670807,8,626.2689961023543,392.9448950288879,4.41478647806292,10.282670150288656,38.214285714285715,141.85714285714286,103.64285714285714,26.938569989929505,29,323.07629880644384,212.00483821976925,5.187004797351163,9.69956776168879,21.857142857142858,62.285714285714285,40.42857142857143,35.091743119266056,14
326_T1,0.20553887220553885,0.46551724137931033,0.6644719432075754,11,1169.624332371442,581.0422007323926,3.9230332183038303,9.339369472162453,62.214285714285715,298.14285714285717,235.92857142857144,20.8672735984667,241.12685862999643,47.81854712168558,2.9847710175242708,7.046943786353664,6.785714285714286,80.78571428571429,74,8.399646330680813,50,774.1210563432752,462.8430685965668,4.551740776482928,9.832781426937686,47.07142857142857,170.07142857142858,123.00000000000001,27.677446451070974,31,133.17676490945345,55.17968581289486,3.0267446570330327,8.306619369683098,6.642857142857143,44,37.357142857142854,15.0974025974026,27,70.46591067343776,32.48624551672347,3.681055035179585,8.9177928869437,3.642857142857143,19.142857142857142,15.5,19.029850746268657,12,62.71085423601568,22.693440296171385,2.5228504577707453,7.564480098723794,3,24.857142857142858,21.857142857142858,12.068965517241379,15,509.81940241702415,298.95869771306224,4.323120311228552,9.621659236742234,31.071428571428573,117.92857142857143,86.85714285714286,26.347668079951546,22,264.301653926251,163.88437088350457,5.068798842421252,10.242773180219036,16,52.142857142857146,36.142857142857146,30.68493150684931,9
327_T1,0.31244124099028514,0.5606060606060606,0.5634763492018271,3,1219.0609161673055,658.2895908533328,4.08884830530481,9.243785628833159,71.21428571428571,298.14285714285717,226.92857142857144,23.885960709151888,221.5061112442816,70.60398714045101,3.4571745344703926,7.111192949397943,9.928571428571429,64.07142857142857,54.14285714285714,15.496098104793758,56,700.3978341146051,439.51018662573875,4.469266033548072,10.170483657455112,43.214285714285715,156.71428571428572,113.5,27.57520510483136,29,276.9186798640129,138.80973504437287,3.8885270993943637,8.199731184055782,16.928571428571427,71.21428571428571,54.28571428571428,23.771313941825476,37,141.92149970057204,61.78273631773045,3.6390128128351797,8.237698175697394,7.5,39,31.5,19.230769230769234,23,134.99718016344087,77.02699872664243,4.19059982768996,8.169530167977227,9.428571428571429,32.214285714285715,22.785714285714285,29.268292682926827,14,486.1744910740751,272.5921390015012,4.020344285314265,10.122785002708266,26.928571428571427,120.92857142857143,94,22.268163024217362,23,214.22334304053004,166.91804762423757,5.986281043048743,10.249353801488272,16.285714285714285,35.785714285714285,19.5,45.50898203592814,6
328_T1,0.441563055062167,0.625,0.4667184724689165,12,1498.3501075031572,922.7443208206938,5.025611285348394,10.623701062080357,86.85714285714286,298.14285714285717,211.2857142857143,29.132726401533297,246.0497668260574,80.97331111995143,3.180698740133706,7.608230575028994,10.642857142857142,77.35714285714286,66.71428571428572,13.758079409048937,58,773.8256339723138,579.7867377766967,6.891576892883202,11.919257457964395,48.642857142857146,112.28571428571429,63.642857142857146,43.320610687022906,30,373.6415395461871,195.54006484180024,4.208352014196798,9.538539748380499,20.5,88.78571428571429,68.28571428571429,23.08930008045052,50,212.54986658161386,112.33967785290031,3.839610493087218,9.474430662292797,11.857142857142858,55.357142857142854,43.5,21.41935483870968,41,161.0916729645733,83.20038698889995,4.818981669880397,9.626491056566936,8.642857142857142,33.42857142857143,24.78571428571429,25.85470085470085,9,449.05617134288786,328.71045789986346,6.680963229330956,12.505289159233936,26.285714285714285,67.21428571428571,40.92857142857142,39.10733262486716,14,324.7694626294259,251.0762798768332,7.205661611429418,11.230248940177843,22.357142857142858,45.07142857142857,22.71428571428571,49.60380348652932,16
329_T1,0.3279975838115373,0.671875,0.5000637080942314,15,1302.0056375497018,677.7971327434146,4.367052929011937,9.194922343418416,73.71428571428571,298.14285714285717,224.42857142857144,24.72448490656444,196.51717632604485,72.25810661017869,3.4781801119653952,6.976644776155183,10.357142857142858,56.5,46.14285714285714,18.331226295828067,54,752.5585680140379,431.9008827088077,4.735199978515294,10.162373710795476,42.5,158.92857142857142,116.42857142857142,26.741573033707866,21,325.24700713118483,155.8828798122284,4.192871178486729,8.329619531951135,18.714285714285715,77.57142857142857,58.857142857142854,24.125230202578273,43,133.84175322320857,58.6115603356784,3.9037178023435835,8.82324564193008,6.642857142857143,34.285714285714285,27.642857142857142,19.375,23,191.40525390797626,97.27131947655,4.4219035556298145,8.057979128234912,12.071428571428571,43.285714285714285,31.214285714285715,27.887788778877887,20,262.86209133762867,168.97907323490296,5.443889465572191,11.428536354051408,14.785714285714286,48.285714285714285,33.5,30.62130177514793,10,489.69647667640925,262.9218094739048,4.425920383130878,9.486869414006872,27.714285714285715,110.64285714285714,82.92857142857142,25.048418334409302,11
331_T1,0.7200374531835206,0.8117647058823529,0.23409892046706315,25,1484.3921177728498,932.166672688671,4.978794836804,9.96208657835221,93.57142857142857,298.14285714285717,204.5714285714286,31.3847628174413,202.19747570586023,101.68681528124576,4.090700375552085,7.737040293138264,13.142857142857142,49.42857142857143,36.28571428571429,26.589595375722542,63,428.6782679066128,328.4695517702043,6.690630714261515,11.107666001890966,29.571428571428573,64.07142857142857,34.5,46.15384615384615,16,769.3569423730609,455.9894066226189,4.668832766893304,9.974768269869788,45.714285714285715,164.78571428571428,119.07142857142856,27.74165583008236,69,303.3891280553191,138.8674613461169,4.08016118422139,9.769570144952947,14.214285714285714,74.35714285714286,60.142857142857146,19.116234390009605,45,465.96781431774184,317.121945276502,5.152882622787034,10.067363342111175,31.5,90.42857142857143,58.92857142857143,34.834123222748815,24,210.53408490734034,157.0341845249254,6.338660620866161,10.937704394770922,14.357142857142858,33.214285714285715,18.857142857142858,43.225806451612904,10,218.14418299927246,171.4353672452789,7.0694874120134585,11.268052307201431,15.214285714285714,30.857142857142858,15.642857142857144,49.30555555555555,6
332_T1,0.2968847352024922,0.618421052631579,0.5423471060829644,7.5,1236.260093784771,635.5829759915142,4.146536011736175,8.871547022812761,71.64285714285714,298.14285714285717,226.50000000000003,24.029707714422614,198.03071739415682,65.05850631012412,3.4829523159776326,7.3453152285624,8.857142857142858,56.857142857142854,48,15.577889447236181,58,698.71009017611,403.47255560902005,4.334045752089295,9.54158070697007,42.285714285714285,161.21428571428572,118.92857142857144,26.22950819672131,29,289.7128884968481,143.22796216336374,4.256013052419594,8.354964459529551,17.142857142857142,68.07142857142857,50.92857142857143,25.183630640083944,47,164.15872288079723,79.49063960606811,4.216921321708552,8.243473736925582,9.642857142857142,38.92857142857143,29.28571428571429,24.77064220183486,33,125.55416561605088,63.73732255729563,4.308231173099785,8.498309674306084,7.5,29.142857142857142,21.642857142857142,25.73529411764706,14,479.3926362666967,258.1969322860883,3.98781753281863,9.151283675962624,28.214285714285715,120.21428571428571,92,23.469994058229354,21,219.3174539094133,145.2756233229317,5.349206192912519,10.324155972188038,14.071428571428571,41,26.92857142857143,34.3205574912892,8
333_T1,0.6038596491228071,0.6585365853658537,0.3688018827556696,8,1490.3487437035435,948.7930965326324,4.998773936715288,10.418120275652432,91.07142857142857,298.14285714285717,207.0714285714286,30.54623862002875,247.3937697243781,96.01743436914089,3.4531533161927155,7.266184222529581,13.214285714285714,71.64285714285714,58.42857142857142,18.44466600199402,56,559.3837542872708,425.5433831998088,6.9365567404976005,12.183246144779801,34.92857142857143,80.64285714285714,45.71428571428571,43.31266607617361,28,576.089330352467,359.03901494954516,4.686374564168819,10.033026365855553,35.785714285714285,122.92857142857143,87.14285714285714,29.110981987216732,54,256.7538549193085,156.19965951895674,4.917310490930668,10.124052005858307,15.428571428571429,52.214285714285715,36.785714285714285,29.548563611491108,37,319.3354754331585,202.83935543058843,4.515855208145675,9.964038512379783,20.357142857142858,70.71428571428571,50.35714285714285,28.78787878787879,17,295.30382337637735,221.93799368369108,7.03104341372327,12.4285276462867,17.857142857142858,42,24.142857142857142,42.51700680272109,16,264.07993091089344,203.60538951611773,6.833861428378018,11.926675536508988,17.071428571428573,38.642857142857146,21.571428571428573,44.17744916820702,12
334_T1,0.5917271866119356,0.7469879518072289,0.3306424307904178,12,1267.228275502179,660.6236323050875,4.250406290615838,9.332725380697502,70.78571428571429,298.14285714285717,227.3571428571429,23.74221370388117,194.40521248999318,67.74741215695676,3.3684071471038424,7.587710161579157,8.928571428571429,57.714285714285715,48.785714285714285,15.47029702970297,56,461.87738439092414,305.1520060664982,5.000992561077291,10.496629201304607,29.071428571428573,92.35714285714286,63.28571428571429,31.47718484145398,21,542.5172807629419,256.1719414986288,4.052957273575873,8.855326372792108,28.928571428571427,133.85714285714286,104.92857142857143,21.611526147278546,62,256.6579860433177,119.92482534091565,4.120655739227578,8.654368839035149,13.857142857142858,62.285714285714285,48.42857142857143,22.24770642201835,42,285.8592947196242,136.24711615771318,3.994042041990758,9.040093015203716,15.071428571428571,71.57142857142857,56.5,21.057884231536928,20,242.3000876127734,164.80713948107845,5.032939505309834,11.310293885956366,14.571428571428571,48.142857142857146,33.57142857142858,30.267062314540055,10,219.5772967781507,140.3448665854197,4.966207035370129,9.678956316235842,14.5,44.214285714285715,29.714285714285715,32.79483037156704,11
335_T1,0.2807580174927114,0.5625,0.5783709912536443,9,1396.6427915878212,851.6561928557701,4.684475103552826,10.367988434765897,82.14285714285714,298.14285714285717,216.00000000000003,27.55150934355534,200.53486921682799,85.5651192782187,4.260224839204236,7.630010636274279,11.214285714285714,47.07142857142857,35.857142857142854,23.823975720789072,46,880.0824078459273,605.1052308352726,4.994387397585319,11.463427918394878,52.785714285714285,176.21428571428572,123.42857142857144,29.955411430887718,28,289.34790523379075,143.94864939860688,4.2065116025680895,8.762091702523898,16.428571428571427,68.78571428571429,52.35714285714286,23.88369678089304,36,111.3997201493295,62.55306300215543,4.600578413246645,8.936151857450776,7,24.214285714285715,17.214285714285715,28.908554572271385,21,177.94818508446124,81.39558639645145,3.992427229459067,8.632865223866062,9.428571428571429,44.57142857142857,35.14285714285714,21.153846153846157,15,558.9848796166582,358.2033242293751,4.4439456641869475,11.320195348106662,31.642857142857142,125.78571428571429,94.14285714285715,25.15616127200454,18,321.097528229269,246.9019066058974,6.367373081033664,11.677792880008662,21.142857142857142,50.42857142857143,29.28571428571429,41.92634560906515,10
336_T1,0.4432655467138226,0.660377358490566,0.4481785473978057,6,1072.5621253357401,539.4205713723051,3.5974771812890185,9.463518796005353,57,298.14285714285717,241.14285714285717,19.11835170100623,115.81352919111356,41.48879091249312,3.6600212385453497,7.446706061216714,5.571428571428571,31.642857142857142,26.07142857142857,17.607223476297968,33,479.0458018761168,277.4783619287983,3.55036592179229,10.142812185386884,27.357142857142858,134.92857142857142,107.57142857142856,20.275277924827954,18,373.18454858041343,160.31465813336746,3.473792340509168,9.123598430354246,17.571428571428573,107.42857142857143,89.85714285714286,16.356382978723406,35,174.20286110642567,75.50183636709791,3.78114737285265,9.191527905559745,8.214285714285714,46.07142857142857,37.857142857142854,17.829457364341085,27,198.9816874739878,84.81282176626955,3.243007712032397,9.063965684944838,9.357142857142858,61.357142857142854,52,15.250291036088475,8,323.3428721127812,166.69828943355262,3.0178668063859577,10.102926632336523,16.5,107.14285714285714,90.64285714285714,15.4,10,155.7029297633356,110.78007249524568,5.603704413076345,10.20342772982526,10.857142857142858,27.785714285714285,16.928571428571427,39.07455012853471,8
337_T1,0.4569516276239733,0.6470588235294118,0.4479947744233075,12,1568.7988058685166,985.5461614432013,5.261903038370683,10.671033457234973,92.35714285714286,298.14285714285717,205.7857142857143,30.977479635840922,208.0943654870427,76.81146349642272,3.833317258971839,7.3153774758497825,10.5,54.285714285714285,43.785714285714285,19.342105263157894,51,824.9270571311778,591.0254366630355,6.4700161343621785,11.820508733260711,50,127.5,77.5,39.21568627450981,24,469.14104134741433,261.8470116537871,4.372819293517844,10.098782818603357,25.928571428571427,107.28571428571429,81.35714285714286,24.167776298268972,44,202.08000090774954,94.27374448080052,3.859645310652788,9.427374448080052,10,52.357142857142854,42.357142857142854,19.099590723055936,26,267.0610404396648,167.57326717298656,4.861969526859957,10.520294800097812,15.928571428571429,54.92857142857143,39,28.998699609882966,18,391.6649403840397,266.8515458447051,5.921500178592392,11.32097467219961,23.571428571428573,66.14285714285714,42.57142857142857,35.63714902807776,10,433.26211674713807,324.1738908183304,7.061315057578502,12.266039112044934,26.428571428571427,61.357142857142854,34.92857142857143,43.07334109429569,14
338_T1,0.5734413525889398,0.7325581395348837,0.3470002539380883,10,1299.303872661691,710.1251514581653,4.35799094807467,9.596285830515747,74,298.14285714285717,224.14285714285717,24.820316243411593,227.17637856309977,50.402907024489835,2.942154763999442,7.506815939817635,6.714285714285714,77.21428571428571,70.5,8.695652173913045,56,519.8410204062876,369.19357431598087,6.0097227792634405,11.28539310136186,32.714285714285715,86.5,53.785714285714285,37.819983484723366,23,470.64213492537004,241.72533265532005,4.047291086581807,8.524319035703982,28.357142857142858,116.28571428571429,87.92857142857143,24.385749385749385,63,273.7989669969749,129.25227429492836,3.8836732907372333,8.455756262285032,15.285714285714286,70.5,55.214285714285715,21.681864235055727,51,196.84316792839513,112.47305836039172,4.299226756626415,8.60449626800811,13.071428571428571,45.785714285714285,32.714285714285715,28.549141965678626,12,294.24374594932965,206.81757544536723,5.91020436627061,11.581784224940565,17.857142857142858,49.785714285714285,31.928571428571427,35.86800573888092,11,225.59727445695793,162.37599887061364,6.14467284513115,10.929153770137455,14.857142857142858,36.714285714285715,21.857142857142858,40.46692607003891,12
339_T1,0.2870337477797513,0.6538461538461539,0.5295600491870474,6,1288.2458782322558,639.8618834320193,4.320901364458932,9.012139203267877,71,298.14285714285717,227.14285714285717,23.81408720651653,287.1183006291836,60.51303200857015,3.2733356749255456,6.6707279379526145,9.071428571428571,87.71428571428571,78.64285714285714,10.342019543973942,68,750.3124905991751,466.741569111166,5.233868893068486,9.609385246406358,48.57142857142857,143.35714285714286,94.78571428571429,33.88141504733433,27,203.9782992566013,83.5986886884304,3.534277462366854,8.184487004461717,10.214285714285714,57.714285714285715,47.5,17.698019801980198,51,97.48567315987034,43.77645299531089,3.446463192520669,7.959355090056526,5.5,28.285714285714285,22.785714285714285,19.444444444444446,27,106.49262609673096,39.82223569311951,3.6186814693063916,8.447140904601106,4.714285714285714,29.428571428571427,24.71428571428571,16.019417475728158,24,389.98776273222114,259.1039897464269,5.492785390594664,9.325079322493513,27.785714285714285,71,43.214285714285715,39.13480885311871,12,360.32472786695394,207.63757936473905,4.979808677332039,9.98943680792559,20.785714285714285,72.35714285714286,51.57142857142858,28.726554787759127,15
340_T1,0.5844402277039848,0.6567164179104478,0.37942167719278364,11,1329.1257355135842,751.08425262243,4.458016362527594,10.515179536714019,71.42857142857143,298.14285714285717,226.71428571428572,23.957834211787254,189.14607559832683,61.86591341686811,3.241181222003153,7.66480343217835,8.071428571428571,58.357142857142854,50.285714285714285,13.83108935128519,52,562.6255619647312,415.12847949705787,5.994488483642494,11.98309012981198,34.642857142857146,93.85714285714286,59.214285714285715,36.91019786910198,23,501.55277803185476,230.6601244288431,3.799642257817081,9.726631753023504,23.714285714285715,132,108.28571428571428,17.965367965367964,44,212.7482762693158,83.26330566679873,3.3617109117047637,9.25147840742208,9,63.285714285714285,54.285714285714285,14.221218961625281,30,288.80450176253896,147.39681876204438,4.2029761171263464,10.017259527517579,14.714285714285714,68.71428571428571,53.99999999999999,21.413721413721415,14,297.27362750731606,205.89704421503768,5.601387328536238,12.111590836178689,17,53.07142857142857,36.07142857142857,32.03230148048452,13,265.35193445741515,209.23143528202016,6.506001895628392,11.859271635418148,17.642857142857142,40.785714285714285,23.142857142857142,43.25744308231174,10
341_T1,0.7006369426751592,0.7846153846153846,0.2573738363547281,14,1214.0261894377097,603.8031952951475,4.071961344544308,10.123646388182113,59.642857142857146,298.14285714285717,238.50000000000003,20.004791566842357,116.94028993618849,45.58287044128164,3.4612347972656212,7.977002327224287,5.714285714285714,33.785714285714285,28.07142857142857,16.913319238900634,35,404.00080586831865,285.1075836780729,6.017033278889852,11.603215614805293,24.571428571428573,67.14285714285714,42.57142857142857,36.59574468085107,14,550.5305489990525,221.3043030994372,3.503376220903062,9.474801967560001,23.357142857142858,157.14285714285714,133.78571428571428,14.863636363636365,51,297.93679191527167,90.22446918215448,3.243479849777452,8.534747084798397,10.571428571428571,91.85714285714286,81.28571428571429,11.50855365474339,41,252.59375708378084,131.0798339172827,3.8690509837778246,10.252054049396413,12.785714285714286,65.28571428571429,52.50000000000001,19.58424507658643,10,184.65428834569335,122.71745401583989,5.3969938138616005,11.687376572937133,10.5,34.214285714285715,23.714285714285715,30.68893528183716,6,219.3465175226253,162.390129662233,6.66128252780207,11.540415305945492,14.071428571428571,32.92857142857143,18.85714285714286,42.73318872017353,8
342_T1,0.43472855366763363,0.6301369863013698,0.46756723001549827,8,1249.9547280977313,653.3616509330064,4.192469140720709,9.469009433811689,69,298.14285714285717,229.14285714285717,23.143267848586486,344.2580471261038,80.82124625068876,2.86711044602347,6.69525116869611,12.071428571428571,120.07142857142857,108,10.053539559785841,61,542.2319183780669,361.18822501891094,5.565430247282212,10.361957275132692,34.857142857142854,97.42857142857143,62.57142857142858,35.77712609970674,27,310.58400435271926,163.39313925466115,4.145067741599685,9.223806248247001,17.714285714285715,74.92857142857143,57.214285714285715,23.641563393708296,46,151.52320965729052,75.94691457784418,4.1110948356629216,9.665970946271077,7.857142857142857,36.857142857142854,28.999999999999996,21.317829457364343,26,159.0607946954287,87.44622467681698,4.177957083932462,8.871356126633607,9.857142857142858,38.07142857142857,28.21428571428571,25.891181988742968,20,271.95428306920303,193.65224440563193,5.8755554984087075,11.020859437718892,17.571428571428573,46.285714285714285,28.71428571428571,37.96296296296296,14,270.27763530886386,167.535980613279,5.2847582322962205,9.692164167710356,17.285714285714285,51.142857142857146,33.85714285714286,33.798882681564244,13
350_T1,0.5390962671905698,0.625,0.41795186640471504,4,1107.2119436326475,550.9998545006581,3.7136960256006386,9.465028175471428,58.214285714285715,298.14285714285717,239.92857142857144,19.52563488260661,270.2261280644299,61.955409709014624,2.785836371798246,6.8297302041433445,9.071428571428571,97,87.92857142857143,9.3519882179676,44,421.48959381549355,291.18352244476245,5.030566337098815,10.533770837795023,27.642857142857142,83.78571428571429,56.14285714285715,32.9923273657289,21,360.14014228815313,180.85084540622813,3.6748994111036035,9.27440232852452,19.5,98,78.5,19.897959183673468,35,177.92531826995204,65.68093192405276,2.9760507237506912,9.28821259532059,7.071428571428571,59.785714285714285,52.714285714285715,11.82795698924731,24,182.21482401820109,115.16991348217537,4.768238385523019,9.266544762933652,12.428571428571429,38.214285714285715,25.785714285714285,32.52336448598131,11,260.4556682913147,167.42417409875273,4.70500562074633,10.801559619274368,15.5,55.357142857142854,39.857142857142854,28.000000000000004,13,161.0339255241789,123.7593483460097,5.664509943061569,10.19194633437727,12.142857142857142,28.428571428571427,16.285714285714285,42.71356783919598,8
320_T2,0.05725190839694657,0.38461538461538464,0.7790663534938345,4,908.9465929029449,398.33757669128414,3.048694849219269,9.436084727035496,42.214285714285715,298.14285714285717,255.92857142857144,14.159080019166268,63.09020176281825,23.503543765231345,3.619929609342031,7.478400288937246,3.142857142857143,17.428571428571427,14.285714285714285,18.0327868852459,24,802.8479935168895,364.9266374146433,3.0337036192271127,9.63957155434907,37.857142857142854,264.64285714285717,226.7857142857143,14.304993252361669,16,43.00839762323716,9.907395511409435,2.6760780743347565,8.159031597631298,1.2142857142857142,16.071428571428573,14.85714285714286,7.5555555555555545,10,6.243720989322422,0.4305556017082202,2.6488513288034516,6.027778423915083,0.07142857142857142,2.357142857142857,2.2857142857142856,3.03030303030303,4,36.76467663391474,9.476839909701214,2.68075767122295,8.292234920988562,1.1428571428571428,13.714285714285714,12.571428571428571,8.333333333333332,6,555.8723742378495,210.8044823443189,2.5743345151604013,9.398925964396383,22.428571428571427,215.92857142857142,193.5,10.38703274892491,11,246.97561927904,154.12215507032445,5.069880747663578,9.989398939743252,15.428571428571429,48.714285714285715,33.285714285714285,31.671554252199414,5
321_T2,0.028931154567372084,0.3157894736842105,0.8276396858742087,0,840.7656312299277,315.47449990605014,2.8200093045565375,8.886605631156343,35.5,298.14285714285717,262.64285714285717,11.907043603258264,85.13101750007358,14.937284897604172,2.70257198412932,7.468642448802085,2,31.5,29.5,6.349206349206349,20,735.3627940897574,299.1010508632352,2.8400218254500973,8.985868480869726,33.285714285714285,258.92857142857144,225.64285714285717,12.855172413793102,13,20.271819640096826,1.4361641452108243,2.6278284718644036,6.70209934431718,0.21428571428571427,7.714285714285714,7.5,2.7777777777777777,6,16.35311426783989,1.4361641452108243,2.8980202499969425,6.70209934431718,0.21428571428571427,5.642857142857143,5.428571428571429,3.797468354430379,2,3.9187053722569365,0,1.8917888003999006,NA,0,2.0714285714285716,2.0714285714285716,0,4,170.31206156773035,98.93456237837023,4.585324734515817,9.172740882762803,10.785714285714286,37.142857142857146,26.35714285714286,29.03846153846154,4,565.0507325220269,200.16648848486494,2.5477327714358706,8.896288377105108,22.5,221.78571428571428,199.28571428571428,10.144927536231885,9
322_T2,0.06875719217491369,0.2222222222222222,0.8545102928014321,4,1108.076348039879,539.0618420783948,3.716595321647892,10.212267644245637,52.785714285714285,298.14285714285717,245.3571428571429,17.704839482510778,135.8944966853448,29.93514053986707,2.725677583946744,7.907395614304509,3.7857142857142856,49.857142857142854,46.07142857142857,7.593123209169055,45,932.8254191267702,502.82025492224574,4.034462733325543,10.398055493222216,48.357142857142854,231.21428571428572,182.85714285714286,20.914426938523324,35,39.35643222776389,6.306446616281917,2.305397703718387,9.810028069771871,0.6428571428571429,17.071428571428573,16.42857142857143,3.765690376569038,10,29.21442535787874,6.306446616281917,2.7635267230425833,9.810028069771871,0.6428571428571429,10.571428571428571,9.928571428571429,6.081081081081082,4,10.142006869885153,0,1.5603087492131003,NA,0,6.5,6.5,0,6,622.1339120711336,314.93001953485185,3.75911729348117,10.447915340018781,30.142857142857142,165.5,135.35714285714286,18.213206732844196,25,310.6915070556365,187.89023538739391,4.727914237803164,10.315542334994175,18.214285714285715,65.71428571428571,47.49999999999999,27.71739130434783,10
323_T2,0.007748062984253937,0.2,0.8961259685078731,2,659.9696380567891,197.27683110712,2.213602044272891,8.603973942366604,22.928571428571427,298.14285714285717,275.2142857142857,7.690464781983708,41.39190588565026,11.057088943939453,3.3496340023069577,6.1919698086060935,1.7857142857142858,12.357142857142858,10.571428571428571,14.450867052023122,10,612.7211926469867,186.21974216318054,2.160729646614058,8.807690507718,21.142857142857142,283.57142857142856,262.4285714285714,7.455919395465996,8,5.856539524152193,0,2.644888817359055,NA,0,2.2142857142857144,2.2142857142857144,0,2,5.6830948407046975,0,2.7435630265470956,NA,0,2.0714285714285716,2.0714285714285716,0,2,0.17344468344749553,0,1.2141127841324688,NA,0,0.14285714285714285,0.14285714285714285,0,0,444.33288905067195,101.94394757632219,1.8447984717406312,8.546199198015033,11.928571428571429,240.85714285714286,228.92857142857144,4.952550415183867,4,168.38830359631461,84.27579458685837,3.942201087539138,9.146210265240443,9.214285714285714,42.714285714285715,33.5,21.571906354515047,4
324_T2,0.07016036655211913,0.2,0.8649198167239405,6,1054.3640332671741,472.9338557839181,3.5364390191040815,8.959504710385458,52.785714285714285,298.14285714285717,245.3571428571429,17.704839482510778,139.74529616898621,40.40677208186191,3.042665857489591,7.856872349250926,5.142857142857143,45.92857142857143,40.785714285714285,11.197511664074652,32,852.6571960120808,410.92759908745325,3.6763784244438353,9.204778219558952,44.642857142857146,231.92857142857142,187.28571428571428,19.24853711117955,32,58.151751716318934,21.599484614602922,3.3229572409325105,7.199828204867641,3,17.5,14.5,17.142857142857142,8,48.40862997774313,21.599484614602922,3.5669516825705463,7.199828204867641,3,13.571428571428571,10.571428571428571,22.105263157894736,6,9.743121738575805,0,2.480067351637478,NA,0,3.9285714285714284,3.9285714285714284,0,2,434.2336498427301,215.30886236659654,3.937351747278641,9.361254885504199,23,110.28571428571429,87.28571428571429,20.854922279792746,18,418.4235461693508,195.6187367208567,3.4397707847157433,9.038489485452125,21.642857142857142,121.64285714285714,100,17.792131532589547,14
325_T2,0.04280722189866046,0.42857142857142855,0.7643106747649555,3,844.3658885044435,314.1709115922019,2.832084915922906,8.557184362433514,36.714285714285715,298.14285714285717,261.42857142857144,12.314326784858649,118.00635374868003,25.64205531947046,2.232552638488541,7.804103792882316,3.2857142857142856,52.857142857142854,49.57142857142857,6.216216216216217,28,713.868391397309,288.5288562727314,3.040510337560793,8.631205102175725,33.42857142857143,234.78571428571428,201.35714285714283,14.237906905993308,16,12.491143358454599,0,1.1896327008052,NA,0,10.5,10.5,0,12,7.213035324230671,0,1.1607183280371196,NA,0,6.214285714285714,6.214285714285714,0,6,5.278108034223926,0,1.2315585413189163,NA,0,4.285714285714286,4.285714285714286,0,6,502.0015021737966,156.99958044965905,2.7250953976088224,8.453823562673948,18.571428571428573,184.21428571428572,165.64285714285714,10.081426909654907,5,211.86688922351235,131.52927582307237,4.1894582614818825,8.85293202655295,14.857142857142858,50.57142857142857,35.71428571428571,29.37853107344633,11
327_T2,0.1647879763821793,0.375,0.7301060118089103,4,1045.9180446558823,505.8337714658595,3.508110355817526,9.49285898193302,53.285714285714285,298.14285714285717,244.8571428571429,17.87254432199329,108.35167556109091,38.30437453219449,3.385989861284091,7.150149912676304,5.357142857142857,32,26.642857142857142,16.741071428571427,32,810.2460111627811,434.1820268057229,3.6450656029173953,9.964833402098558,43.57142857142857,222.28571428571428,178.71428571428572,19.601542416452443,20,127.32035793201031,33.347370127942135,2.90307005056701,7.65349478346213,4.357142857142857,43.857142857142854,39.5,9.93485342019544,12,31.859236372182494,5.885329053255687,2.5931936582009008,9.1549563050644025,0.6428571428571429,12.285714285714286,11.642857142857144,5.232558139534884,6,95.46112155982782,27.46204107468645,3.0236554340216952,7.393626443184813,3.7142857142857144,31.571428571428573,27.857142857142858,11.76470588235294,6,294.86219962513377,149.12783506573956,3.094505843142333,10.234263190786047,14.571428571428571,95.28571428571429,80.71428571428572,15.292353823088453,8,515.3838115376474,285.0541917399833,4.058140248327932,9.829454887585634,29,127,98,22.83464566929134,12
328_T2,0.3551502145922747,0.43478260869565216,0.6050335883560366,8,1397.5572501725235,784.0642113882936,4.687542286156044,9.827125299405651,79.78571428571429,298.14285714285717,218.3571428571429,26.760900814566362,328.74245044050764,89.28222313028758,3.481387523575724,7.142577850423005,12.5,94.42857142857143,81.92857142857143,13.2375189107413,59,769.1407159593389,533.3624591585893,5.972251815546725,10.821846997420655,49.285714285714285,128.78571428571428,79.5,38.26955074875208,39,275.0338687725272,142.58664368809406,3.8776174852118643,8.951627854857923,15.928571428571429,70.92857142857143,55,22.457200402819737,30,59.361210440832615,26.585432372420303,3.4772257161994,9.794632979312743,2.7142857142857144,17.071428571428573,14.357142857142858,15.899581589958158,14,215.6726583316946,116.00121131567374,4.004532117564621,8.778470045510446,13.214285714285714,53.857142857142854,40.64285714285714,24.53580901856764,16,424.17277237124796,296.51125854756697,6.047269667207201,10.866904763523397,27.285714285714285,70.14285714285714,42.857142857142854,38.90020366598778,26,344.967943588091,236.85120061102242,5.882522789565498,10.765963664137383,22,58.642857142857146,36.642857142857146,37.51522533495737,13
329_T2,0.19419286094832178,0.5434782608695652,0.6311644390910565,12,1254.1922554655227,723.2740338926989,4.206682217661072,10.35361602709385,69.85714285714286,298.14285714285717,228.2857142857143,23.430761859127934,106.53578012476656,49.504629916118134,4.1545986678181945,6.600617322149085,7.5,25.642857142857142,18.142857142857142,29.247910863509752,36,927.3554569324019,560.2639579833661,4.291893023819381,11.28589267880162,49.642857142857146,216.07142857142858,166.42857142857144,22.975206611570247,21,195.3562807604663,98.8050748930016,3.751698121600175,8.699817915107058,11.357142857142858,52.07142857142857,40.71428571428571,21.810699588477366,25,65.17973010940429,33.71461721348278,3.7245560062516736,8.428654303370696,4,17.5,13.5,22.857142857142858,13,130.176550651062,65.09045767951882,3.7654374155265864,8.847246674886053,7.357142857142857,34.57142857142857,27.21428571428571,21.280991735537192,12,483.37516993007927,306.50109686383564,4.75562359734442,11.919487100260277,25.714285714285715,101.64285714285714,75.92857142857142,25.2986647926915,12,443.9802870023227,253.76286111953044,3.8799775393461413,10.605015091562468,23.928571428571427,114.42857142857143,90.5,20.911360799001248,9
330_T2,0.15228285077951004,0.3333333333333333,0.7571919079435783,8,1215.1371226269835,600.153045293446,4.075687521987966,9.724702122810468,61.714285714285715,298.14285714285717,236.42857142857144,20.699568758984185,129.79919618390116,47.6510101662135,3.371407693088342,7.9418350277022505,6,38.5,32.5,15.584415584415584,38,917.5877006549097,466.544804433517,4.218794025999585,10.253731965571802,45.5,217.5,172,20.919540229885058,28,153.42336797500502,77.86977954679342,3.926740679433401,8.450983826783784,9.214285714285714,39.07142857142857,29.857142857142854,23.583180987202923,14,68.70253116524002,39.103180064284864,4.058377368410802,7.933978563767944,4.928571428571429,16.928571428571427,11.999999999999998,29.113924050632917,6,84.720836809765,38.76659948250856,3.8261023075377745,9.045539879251997,4.285714285714286,22.142857142857142,17.857142857142858,19.35483870967742,8,399.99732536236763,201.61040307824857,4.354558752000892,10.732112711389657,18.785714285714285,91.85714285714286,73.07142857142858,20.45101088646967,15,517.590375292542,264.93440135526845,4.119536813016253,9.917330532015397,26.714285714285715,125.64285714285714,98.92857142857142,21.262080727686186,13
331_T2,0.19162045594577945,0.48,0.6641897720271103,5,980.3319728869631,448.9012380738346,3.288128323051625,8.839124237740766,50.785714285714285,298.14285714285717,247.3571428571429,17.03402012458074,159.00116192178854,38.525610748060934,2.637460031878009,6.827323423707002,5.642857142857143,60.285714285714285,54.64285714285714,9.360189573459717,44,644.2258608889746,323.37815280735657,3.4371806602308097,9.451553526728585,34.214285714285715,187.42857142857142,153.2142857142857,18.254573170731707,26,154.56283742333105,73.18980965549831,3.4789063085637215,8.132201072833146,9,44.42857142857143,35.42857142857143,20.257234726688104,24,68.13946990346268,40.738667584562094,3.7855261057479273,8.387372737998078,4.857142857142857,18,13.142857142857142,26.984126984126984,12,86.42336751986836,32.45114207093621,3.270073365616641,7.833034292984602,4.142857142857143,26.428571428571427,22.285714285714285,15.675675675675679,12,211.0830155933558,126.01984844140917,4.504820454736252,9.801543767665157,12.857142857142858,46.857142857142854,34,27.439024390243905,8,433.14284529561877,197.3583043659474,3.0813007287289955,9.240857060612923,21.357142857142858,140.57142857142858,119.21428571428572,15.193089430894307,18
332_T2,0.08718626155878469,0.3125,0.8001568692206077,3,991.5439396776621,439.9629243669635,3.3257343448699737,9.071400502411619,48.5,298.14285714285717,249.64285714285717,16.267369429803544,86.55712196377135,31.032779062823977,3.1151663431691485,8.045535312583993,3.857142857142857,27.785714285714285,23.928571428571427,13.881748071979436,32,855.4918104780936,408.9301453041395,3.4665370033844605,9.160035254812726,44.642857142857146,246.78571428571428,202.14285714285714,18.089725036179452,22,49.495007235797125,0,2.0997881857610903,NA,0,23.571428571428573,23.571428571428573,0,10,8.802483441956955,0,2.3251843054225922,NA,0,3.7857142857142856,3.7857142857142856,0,2,40.69252379384017,0,2.056661852396254,NA,0,19.785714285714285,19.785714285714285,0,8,318.26599118820235,141.15500823014,3.451374033024658,9.234439790756822,15.285714285714286,92.21428571428571,76.92857142857142,16.576297443841984,6,537.2258192898913,267.77513707399953,3.4755829344077993,9.121294206900226,29.357142857142858,154.57142857142858,125.21428571428572,18.992606284658038,16
333_T2,0.11562663869952805,0.4117647058823529,0.7363043277090595,3,919.8235952695229,376.0456757668882,3.085177367938026,9.334467128965311,40.285714285714285,298.14285714285717,257.8571428571429,13.51221849544801,88.94232903556356,27.24581870162211,3.4781916382622624,8.669124132334309,3.142857142857143,25.571428571428573,22.42857142857143,12.290502793296088,28,730.3984349671822,314.95547022511363,3.0315974175928107,9.669685489367524,32.57142857142857,240.92857142857142,208.35714285714283,13.519122442929143,20,99.6312700899535,33.54130845970282,3.162897463173127,7.453624102156181,4.5,31.5,27,14.285714285714285,14,10.996687204120693,3.501812579550887,4.398674881648277,9.805075222742484,0.35714285714285715,2.5,2.142857142857143,14.285714285714285,2,88.63458288583281,30.03949588015193,3.056364927097683,7.250912798657362,4.142857142857143,29,24.857142857142858,14.285714285714288,12,337.8820288327558,153.58885980302327,3.7692019152658016,9.556640165521447,16.071428571428573,89.64285714285714,73.57142857142857,17.928286852589643,8,392.5164061344264,161.36661042209036,2.594537151030203,9.77979457103578,16.5,151.28571428571428,134.78571428571428,10.906515580736546,12
334_T2,0.07378795950985614,0.25,0.8381060202450719,6,1036.3600567577894,443.48228763149484,3.4760519392930167,8.959238133969592,49.5,298.14285714285717,248.64285714285717,16.602779108768566,90.3719772994743,24.469927551119785,3.01239924331581,7.966953156178535,3.0714285714285716,30,26.928571428571427,10.238095238095239,36,910.8819075498044,416.1447917307087,3.667629193470596,9.046625907189318,46,248.35714285714286,202.35714285714286,18.521714121368994,36,35.10617190851065,2.867568349666389,1.7743191578308637,6.690992815888241,0.42857142857142855,19.785714285714285,19.357142857142858,2.166064981949458,12,0,0,NA,NA,0,0,0,NA,0,35.10617190851065,2.867568349666389,1.7743191578308637,6.690992815888241,0.42857142857142855,19.785714285714285,19.357142857142858,2.166064981949458,12,369.9549920608054,196.59516206418243,4.062250893216687,8.965251690223303,21.928571428571427,91.07142857142857,69.14285714285714,24.07843137254902,18,540.9269154889989,219.54962966652622,3.4391357024731994,9.120756128579725,24.071428571428573,157.28571428571428,133.2142857142857,15.30426884650318,18
335_T2,0.11546782044348297,0.3783783783783784,0.7530769005890693,5,1075.6991206762543,507.3673848627485,3.607998967289784,9.106594087280103,55.714285714285715,298.14285714285717,242.42857142857144,18.687110685194057,104.61959485607528,32.359914065596016,3.077046907531626,7.426865523251544,4.357142857142857,34,29.642857142857142,12.815126050420167,38,877.8182695315979,443.5017420992332,3.7570943972615014,9.294946690702492,47.714285714285715,233.64285714285714,185.92857142857142,20.421889330479974,23,93.26125628858108,31.50572869791931,3.0577461078223305,8.648631407271967,3.642857142857143,30.5,26.857142857142858,11.943793911007026,14,9.371928401645235,0,2.3855817749642414,NA,0,3.9285714285714284,3.9285714285714284,0,2,83.88932788693585,31.50572869791931,3.1571252430567256,8.648631407271967,3.642857142857143,26.571428571428573,22.92857142857143,13.709677419354838,12,340.3523626676096,193.96085821418578,4.351537056937474,9.595236802115197,20.214285714285715,78.21428571428571,57.99999999999999,25.844748858447492,10,537.4659068639883,249.5408838850474,3.45796079783816,9.07421395945627,27.5,155.42857142857142,127.92857142857142,17.693014705882355,13
336_T2,0.007965056526207605,0.16666666666666666,0.9126841384035629,1,605.0562930639742,173.85454956013464,2.029417370123536,8.140346802146771,21.357142857142858,298.14285714285717,276.78571428571433,7.163392429324389,48.904337444499,5.833291235815725,2.4278749085921487,5.833291235815725,1,20.142857142857142,19.142857142857142,4.964539007092199,12,553.496736991722,168.02125832431892,2.0069811753131592,8.253675847510403,20.357142857142858,275.7857142857143,255.42857142857142,7.381507381507382,10,2.6552186277531953,0,1.1991309931788623,NA,0,2.2142857142857144,2.2142857142857144,0,2,0,0,NA,NA,0,0,0,NA,0,2.6552186277531953,0,1.1991309931788623,NA,0,2.2142857142857144,2.2142857142857144,0,2,102.75167483277308,39.68916181222737,3.6143805217558373,8.548434851864357,4.642857142857143,28.428571428571427,23.785714285714285,16.331658291457288,1,450.7450621589489,128.33209651209154,1.8222439706108244,8.166587959860372,15.714285714285714,247.35714285714286,231.64285714285714,6.352873231302339,9
337_T2,0.14145810663764963,0.36585365853658536,0.7463441174128825,3,1167.1373867752802,533.4907754424767,3.914691762063709,8.912733718609395,59.857142857142854,298.14285714285717,238.2857142857143,20.076665069477716,120.18120331501495,42.96517797406673,3.549655794114366,6.467876254160582,6.642857142857143,33.857142857142854,27.21428571428571,19.620253164556964,35,900.2261991687805,418.76848761110375,3.9933988556283038,9.440835469493482,44.357142857142854,225.42857142857142,181.07142857142856,19.676806083650188,26,138.0601778696066,71.75710985730619,3.717004788797101,8.101609177437796,8.857142857142858,37.142857142857146,28.28571428571429,23.846153846153843,15,35.84714201843201,15.727577570649007,3.4373971798496448,7.1027769673898735,2.2142857142857144,10.428571428571429,8.214285714285715,21.232876712328768,7,102.21303585117458,56.02953228665718,3.8261564222364823,8.434553247453769,6.642857142857143,26.714285714285715,20.071428571428573,24.86631016042781,8,418.8329218047815,178.2349849420847,3.7732695658088424,9.276170220034148,19.214285714285715,111,91.78571428571428,17.31016731016731,10,481.393277363999,240.53350266901901,4.2069325112958715,9.56667340160871,25.142857142857142,114.42857142857143,89.28571428571429,21.97253433208489,16
338_T2,0.07668617185093933,0.26666666666666666,0.828323580741197,6,981.1742029190718,420.66873998415207,3.2909532440984677,9.116659999656548,46.142857142857146,298.14285714285717,252.00000000000003,15.476760900814565,171.6033474951769,26.721289631492603,2.591636316000514,7.793709475852009,3.4285714285714284,66.21428571428571,62.78571428571428,5.177993527508091,39,772.0912848663396,390.0730364824115,3.605496326927536,9.224700187084057,42.285714285714285,214.14285714285714,171.85714285714286,19.746497665110073,33,37.479570557555306,3.874413870248003,2.1072850915894548,9.040299030578673,0.42857142857142855,17.785714285714285,17.357142857142858,2.4096385542168677,12,10.884901175587952,3.1690350069772455,2.005113374450412,8.873298019536287,0.35714285714285715,5.428571428571429,5.071428571428572,6.578947368421052,4,26.59466938196735,0.7053788632707576,2.1521697765753927,9.875304085790606,0.07142857142857142,12.357142857142858,12.285714285714286,0.5780346820809248,8,224.99652287263805,129.64512720345382,4.144672789759122,9.810982599180289,13.214285714285714,54.285714285714285,41.07142857142857,24.342105263157894,6,547.0947619937016,260.42790927895766,3.422397974938258,8.958208181585768,29.071428571428573,159.85714285714286,130.78571428571428,18.185880250223413,27
339_T2,0.044840626688276604,0.4827586206896552,0.7362003763110341,5,764.0540052806549,257.13703211981675,2.562711086231234,9.022352004204096,28.5,298.14285714285717,269.64285714285717,9.559175850503115,102.50486216797145,16.928826530356332,3.0403984541347464,6.7715306121425325,2.5,33.714285714285715,31.214285714285715,7.415254237288135,27,633.3495547476107,237.11676193642313,2.5076057031862415,9.195663897811425,25.785714285714285,252.57142857142858,226.7857142857143,10.209276018099546,15,28.19958836507277,3.091443653037283,2.378278536813366,14.42673704750732,0.21428571428571427,11.857142857142858,11.642857142857144,1.8072289156626504,14,7.96616929975877,0,1.9228684516659098,NA,0,4.142857142857143,4.142857142857143,0,8,20.233419065314,3.091443653037283,2.622850619577741,14.42673704750732,0.21428571428571427,7.714285714285714,7.5,2.7777777777777777,6,216.9940222262919,117.92775633213853,3.9402286785578298,9.769163246449345,12.071428571428571,55.07142857142857,43,21.91958495460441,8,416.3555325213188,119.1890056042846,2.1081292785889563,8.690864991979087,13.714285714285714,197.5,183.78571428571428,6.9439421338155505,7
340_T2,0.07588671982403081,0.30434782608695654,0.8098827270445064,4,968.6664530420773,405.10832524481,3.2490010403902927,8.779437389206409,46.142857142857146,298.14285714285717,252.00000000000003,15.476760900814565,113.88140686567053,32.519357320840015,2.9689752255482076,8.430944490588153,3.857142857142857,38.357142857142854,34.5,10.05586592178771,40,794.5781387761149,355.12687441345287,3.309757198115325,8.909993264853656,39.857142857142854,240.07142857142858,200.21428571428572,16.602201725676878,32,60.20690740029184,17.462093510517143,3.0539735637829195,7.190273798448234,2.4285714285714284,19.714285714285715,17.28571428571429,12.318840579710143,14,8.068455700768668,1.904701840453703,2.4033697832076886,6.666456441587961,0.2857142857142857,3.357142857142857,3.0714285714285716,8.51063829787234,2,52.13845169952317,15.557391670063438,3.1875035973507617,7.260116112696271,2.142857142857143,16.357142857142858,14.214285714285715,13.100436681222707,12,166.93523655329065,81.91213193688692,3.927887918900956,9.029683835562338,9.071428571428571,42.5,33.42857142857143,21.34453781512605,8,627.6429022228242,273.2147424765659,3.1767898160229713,8.874724813623951,30.785714285714285,197.57142857142858,166.7857142857143,15.582067968185104,24
341_T2,0.496490692706744,0.6333333333333333,0.4350879869799613,10.5,1157.3857277787683,556.1904831536798,3.881983753929745,9.00192689497285,61.785714285714285,298.14285714285717,236.3571428571429,20.723526593195974,184.74666440689492,34.193015060838476,2.9424952237730704,6.468948795293766,5.285714285714286,62.785714285714285,57.5,8.418657565415245,56,632.5521300005745,438.0042809511857,5.367108981823057,9.922427076564079,44.142857142857146,117.85714285714286,73.71428571428572,37.45454545454546,22,334.0859188277242,80.44854206699345,2.874740543078143,6.867558469133589,11.714285714285714,116.21428571428571,104.5,10.079901659496004,38,92.83332515768694,25.889977100327744,3.375757278461344,6.24930481732049,4.142857142857143,27.5,23.357142857142858,15.064935064935067,17,241.25259367003721,54.55856496666571,2.719433423011692,7.2058482031445275,7.571428571428571,88.71428571428571,81.14285714285714,8.53462157809984,21,202.28599950995485,153.85779332989836,6.6014079094157765,10.355813012589312,14.857142857142858,30.642857142857142,15.785714285714285,48.484848484848484,8,430.2661304906197,284.1464876212874,4.933436385641831,9.702562991946397,29.285714285714285,87.21428571428571,57.92857142857142,33.57903357903358,14
342_T2,0.03892806770098731,0.2222222222222222,0.8694248550383952,3,831.870659936186,285.0897061506736,2.790174709896168,8.280613871596328,34.42857142857143,298.14285714285717,263.7142857142857,11.547676090081456,92.49151903784913,23.22106503719486,2.0818026793085016,7.067280663494088,3.2857142857142856,44.42857142857143,41.142857142857146,7.395498392282958,28,723.433100507628,260.7770621565269,2.972721868830875,8.392824988945693,31.071428571428573,243.35714285714286,212.28571428571428,12.767830936307604,28,15.004321693140668,1.0915789569518635,1.5221775630722416,15.282105397326088,0.07142857142857142,9.857142857142858,9.785714285714286,0.7246376811594202,8,0,0,NA,NA,0,0,0,NA,0,15.004321693140668,1.0915789569518635,1.5221775630722416,15.282105397326088,0.07142857142857142,9.857142857142858,9.785714285714286,0.7246376811594202,8,193.80949343339154,92.54039616702008,3.696638839328994,8.813371063525722,10.5,52.42857142857143,41.92857142857143,20.02724795640327,8,529.6236070742365,168.2366659895068,2.7739358395208793,8.178171263378802,20.571428571428573,190.92857142857142,170.35714285714283,10.774410774410775,20
350_T2,0.039989264626945784,0.2857142857142857,0.8371482248293842,3,1002.9717894633064,435.50119308425377,3.364064459148608,10.011521680097786,43.5,298.14285714285717,254.64285714285717,14.590321034978437,95.8871819728861,22.10241295461583,2.9964744366526905,7.7358445341155395,2.857142857142857,32,29.142857142857142,8.928571428571429,28,886.8351022641149,413.39878012963794,3.470978873832152,10.171498983857523,40.642857142857146,255.5,214.85714285714286,15.90718479172491,20,20.249505226305477,0,1.902638074954877,NA,0,10.642857142857142,10.642857142857142,0,8,7.306120368063441,0,2.435373456021147,NA,0,3,3,0,2,12.943384858242037,0,1.6935269907980235,NA,0,7.642857142857143,7.642857142857143,0,6,368.5443351764411,210.69330575006575,4.205069839013998,10.242035696183752,20.571428571428573,87.64285714285714,67.07142857142857,23.4718826405868,9,518.2907670876738,202.70547437957217,3.0876896762669928,10.099205129231354,20.071428571428573,167.85714285714286,147.78571428571428,11.957446808510639,11
320_T3,0.13912565301072313,0.47058823529411764,0.6951430558475796,4,887.1031490188524,371.81843753861455,2.9754298242127297,9.362334758166552,39.714285714285715,298.14285714285717,258.42857142857144,13.320555821753713,126.25107765517392,28.29506777343707,3.291461987285726,7.617902862079211,3.7142857142857144,38.357142857142854,34.64285714285714,9.68342644320298,34,661.9980252850405,305.752358761296,2.960067823056712,9.5547612112905,32,223.64285714285714,191.64285714285714,14.308527626956243,18,98.85404607863804,37.77101100388144,2.7350921839939377,9.44275275097036,4,36.142857142857146,32.142857142857146,11.067193675889326,16,19.10283132938538,0,1.8317783466533926,NA,0,10.428571428571429,10.428571428571429,0,8,79.75121474925265,37.77101100388144,3.1014361291376034,9.44275275097036,4,25.714285714285715,21.714285714285715,15.555555555555555,8,458.2251460185866,179.9070186819215,2.499085330837636,8.868655850517257,20.285714285714285,183.35714285714286,163.07142857142858,11.06349824698091,10,203.77287926645388,125.84534007937452,5.058192038528997,10.742894884824654,11.714285714285714,40.285714285714285,28.57142857142857,29.078014184397162,8
321_T3,0.020918367346938773,0.26666666666666666,0.8562074829931973,2,693.9170947122589,256.26466888045815,2.327465099657792,9.246663310119622,27.714285714285715,298.14285714285717,270.42857142857144,9.295639674173454,63.742864573483324,22.74242688028704,3.513386236333726,8.605242603351854,2.642857142857143,18.142857142857142,15.5,14.566929133858267,15,619.633515685459,233.52224200017108,2.260257743511315,9.314277458696282,25.071428571428573,274.14285714285717,249.07142857142858,9.14538822303283,11,10.54071445331654,0,1.7996341749564821,NA,0,5.857142857142857,5.857142857142857,0,4,6.35962118957847,0,1.8943552479595442,NA,0,3.357142857142857,3.357142857142857,0,2,4.1810932637380684,0,1.6724373054952273,NA,0,2.5,2.5,0,2,201.1086869468138,107.92310644087573,3.932292761529878,9.87531692923046,10.928571428571429,51.142857142857146,40.214285714285715,21.368715083798882,5,418.5248287386452,125.59913555929535,1.876792953984956,8.880746958738055,14.142857142857142,223,208.85714285714286,6.342088404868673,6
322_T3,0.024744897959183675,0.13333333333333333,0.9209608843537415,4,925.1390784333825,382.6217869223358,3.1030060129533674,9.721787689496736,39.357142857142854,298.14285714285717,258.78571428571433,13.200766650694776,56.93878878778896,27.90145311037635,3.138358437122226,8.680452078783754,3.2142857142857144,18.142857142857142,14.928571428571427,17.716535433070867,15,855.2330132504221,354.7203338119594,3.131902219593489,9.81439658768267,36.142857142857146,273.07142857142856,236.92857142857142,13.235678786293489,13,12.967276395171455,0,1.8715656652824781,NA,0,6.928571428571429,6.928571428571429,0,2,12.967276395171455,0,1.8715656652824781,NA,0,6.928571428571429,6.928571428571429,0,2,0,0,NA,NA,0,0,0,NA,0,413.47520093728843,181.75368885005946,3.255710243600696,8.959688886974762,20.285714285714285,127,106.71428571428572,15.973003374578177,7,441.7578123131336,172.96664496189993,3.024258861801404,10.907806439038735,15.857142857142858,146.07142857142858,130.21428571428572,10.855745721271393,6
323_T3,0,0,1,0,478.4775839772861,110.80296058475054,1.6048601283378066,8.03752045692491,13.785714285714286,298.14285714285717,284.3571428571429,4.62386200287494,23.55712729476024,12.653740051011907,2.2283769062611034,8.435826700674603,1.5,10.571428571428571,9.071428571428571,14.18918918918919,6,454.92045668252587,98.14922053373864,1.5819389949218485,7.988890043443843,12.285714285714286,287.57142857142856,275.2857142857143,4.272230501738699,6,0,0,NA,NA,0,0,0,NA,0,0,0,NA,NA,0,0,0,NA,0,0,0,NA,NA,0,0,0,NA,0,176.74359270057036,55.49235229739047,2.390734587254092,8.177820338562807,6.785714285714286,73.92857142857143,67.14285714285714,9.178743961352657,3,278.1768639819555,42.65686823634817,1.3020648932622456,7.755794224790576,5.5,213.64285714285714,208.14285714285714,2.5743898361751922,3
324_T3,0.1300421432871764,0.36666666666666664,0.7516455950230785,2,890.7849787869588,305.8085445950649,2.9877790376179743,8.773195951497764,34.857142857142854,298.14285714285717,263.28571428571433,11.691423095352178,150.96882333290492,29.429010141080994,2.4807083646251984,7.357252535270249,4,60.857142857142854,56.857142857142854,6.572769953051644,30,628.6142419513232,222.83931861501227,3.0451900994181744,8.862927444915261,25.142857142857142,206.42857142857142,181.28571428571428,12.179930795847751,19,111.20191350273078,53.54021583897167,3.603765715366275,9.369537771820042,5.714285714285714,30.857142857142858,25.142857142857142,18.51851851851852,11,5.544338043566803,0.9566578578002178,1.6874072306507661,13.393210009203049,0.07142857142857142,3.2857142857142856,3.214285714285714,2.1739130434782608,4,105.65757545916397,52.58355798117145,3.8321400425603516,9.318605211853168,5.642857142857143,27.571428571428573,21.92857142857143,20.466321243523318,7,300.9497866155314,106.96475785645006,3.070916189954402,8.5085602840358,12.571428571428571,98,85.42857142857143,12.82798833819242,7,327.66445533579173,115.8745607585622,3.021938323254996,9.21729460579472,12.571428571428571,108.42857142857143,95.85714285714286,11.594202898550725,12
325_T3,0.05244122965641953,0.25,0.8487793851717902,1,697.9353926807694,190.79247280796085,2.3409428599738313,9.713071342950734,19.642857142857142,298.14285714285717,278.5,6.588404408241494,127.03858520267706,11.136965001110047,2.0777338701372416,9.744844375971292,1.1428571428571428,61.142857142857146,60,1.8691588785046727,22,549.0493207556297,179.6555078068508,2.444876110234992,9.711108530100043,18.5,224.57142857142858,206.07142857142858,8.237913486005088,18,21.847486722462676,0,1.757843759278606,NA,0,12.428571428571429,12.428571428571429,0,6,2.356309177937325,0,1.4342751517879366,NA,0,1.6428571428571428,1.6428571428571428,0,2,19.491177544525353,0,1.8071290438632777,NA,0,10.785714285714286,10.785714285714286,0,4,142.18078843844467,65.77195683025388,3.8501567468824476,9.492859748696437,6.928571428571429,36.92857142857143,30,18.762088974854933,3,406.868532317185,113.88355097659692,2.1683134573432015,9.841788356002201,11.571428571428571,187.64285714285714,176.07142857142856,6.166730110392082,15
326_T3,0.027272727272727268,0.16666666666666666,0.9030303030303031,0,811.75812256139,347.6167221813724,2.7227153128556445,9.358911751036949,37.142857142857146,298.14285714285717,261,12.458073790129372,113.24442814525717,28.1225235646897,2.4241926514275236,8.559028910992518,3.2857142857142856,46.714285714285715,43.42857142857143,7.033639143730887,36,676.6081413948708,319.4941986166827,2.7665052510304298,9.436537511885144,33.857142857142854,244.57142857142858,210.71428571428572,13.84345794392523,30,21.905553021262,0,3.1945598156007082,NA,0,6.857142857142857,6.857142857142857,0,6,16.14980531265617,0,3.140239921905367,NA,0,5.142857142857143,5.142857142857143,0,2,5.755747708605829,0,3.3575194966867334,NA,0,1.7142857142857142,1.7142857142857142,0,4,281.5279751292502,135.54509463171843,3.397751423973709,10.04037738012729,13.5,82.85714285714286,69.35714285714286,16.29310344827586,16,395.0801662656207,183.94910398496427,2.4430752330912937,9.036096336103508,20.357142857142858,161.71428571428572,141.35714285714286,12.588339222614842,14
328_T3,0.4032719836400818,0.574468085106383,0.5111299656267676,6,951.8090719870753,419.86724812358625,3.1924597527118004,9.846133121826144,42.642857142857146,298.14285714285717,255.50000000000003,14.30282702443699,240.05902225466153,22.921753670085653,1.999301791531982,7.293285258663618,3.142857142857143,120.07142857142857,116.92857142857143,2.6174895895300416,39,432.5731623050887,238.8873786763384,4.150804847341496,9.98335313871265,23.928571428571427,104.21428571428571,80.28571428571428,22.960932145305,20,254.38393557076176,139.33291411895442,3.611942290051384,10.054952565285372,13.857142857142858,70.42857142857143,56.57142857142857,19.675456389452332,27,142.33787112697166,75.45965599044003,3.564812514807877,10.061287465392002,7.5,39.92857142857143,32.42857142857143,18.78354203935599,17,112.0460644437901,63.87325812851441,3.6736414571734453,10.047478806732604,6.357142857142857,30.5,24.142857142857142,20.843091334894613,10,231.11895880312477,115.81785803404593,3.4829552456875637,9.826969772585715,11.785714285714286,66.35714285714286,54.57142857142858,17.761033369214207,14,201.45420350196395,123.06952064229247,5.321431790617916,10.135136994071145,12.142857142857142,37.857142857142854,25.71428571428571,32.07547169811321,6
330_T3,0.12288828337874662,0.3225806451612903,0.7772655357299816,4,1016.7859265467358,470.3822418825492,3.410398411991926,9.44813685273413,49.785714285714285,298.14285714285717,248.3571428571429,16.698610445615714,95.9507712270988,29.726371973932256,2.9851351048430734,7.706837178426881,3.857142857142857,32.142857142857146,28.28571428571429,12,25,754.0129570102475,344.53606881919376,3.2793356316071653,9.476434112905133,36.357142857142854,229.92857142857142,193.57142857142856,15.812364088226158,21,149.89474864366983,86.80208904053052,4.653052064326779,10.126910388061894,8.571428571428571,32.214285714285715,23.642857142857146,26.607538802660752,10,53.68577582028009,32.76960907801248,5.407200442330369,10.92320302600416,3,9.928571428571429,6.928571428571429,30.215827338129497,6,96.20897282338973,54.03247996251804,4.317069293357231,9.698137429169904,5.571428571428571,22.285714285714285,16.714285714285715,25,4,432.60030018583984,174.58586681630638,2.75041062788454,9.120157221747348,19.142857142857142,157.28571428571428,138.14285714285714,12.170753860127158,12,321.4126568244077,169.95020200288738,4.424559680965298,9.872625842491383,17.214285714285715,72.64285714285714,55.42857142857142,23.69714847590954,11
331_T3,0.10281195079086117,0.37037037037037035,0.7634088394193843,5,697.8402489173244,253.47567533082892,2.3406237385823054,9.437924081467035,26.857142857142858,298.14285714285717,271.28571428571433,9.008145663632007,108.62059400710146,16.79198145693031,2.0009056790781847,6.530215011028452,2.5714285714285716,54.285714285714285,51.714285714285715,4.736842105263158,25,492.64043518987336,182.67221916248567,2.251702935898866,9.874174008783008,18.5,218.78571428571428,200.28571428571428,8.455762324518448,17,96.57921972034963,54.01147471141294,3.8521626099284756,9.335316616787422,5.785714285714286,25.071428571428573,19.28571428571429,23.076923076923077,10,3.305492766490209,0,3.0851265820575287,NA,0,1.0714285714285714,1.0714285714285714,0,2,93.27372695385942,54.01147471141294,3.8864052897441423,9.335316616787422,5.785714285714286,24,18.214285714285715,24.107142857142858,8,139.6223630106448,78.38074006830469,4.286651495940849,10.653692824818114,7.357142857142857,32.57142857142857,25.21428571428571,22.587719298245617,8,353.0180721792285,104.29147909418097,1.8957625663633293,9.359491713580343,11.142857142857142,186.21428571428572,175.07142857142858,5.983889528193325,9
332_T3,0,0,1,0,648.1097624047114,209.32793819888974,2.1738228734226066,8.208938752897637,25.5,298.14285714285717,272.64285714285717,8.552946813608049,65.46626092836972,27.308502512412485,2.820085086145157,7.646380703475496,3.5714285714285716,23.214285714285715,19.642857142857142,15.384615384615385,20,582.6435014763417,182.01943568647727,2.1192540973418508,8.30056058505108,21.928571428571427,274.92857142857144,253.00000000000003,7.976097687711093,20,0,0,NA,NA,0,0,0,NA,0,0,0,NA,NA,0,0,0,NA,0,0,0,NA,NA,0,0,0,NA,0,218.38556696139753,92.3391747301821,2.436173655346267,8.7942071171602,10.5,89.64285714285714,79.14285714285714,11.713147410358566,10,364.25793451494417,89.68026095629517,1.9659256296103385,7.847022833675827,11.428571428571429,185.28571428571428,173.85714285714286,6.168080185042406,10
333_T3,0.06980098067493509,0.3,0.8150995096625324,2,821.8595185568365,339.7427450156399,2.7565963727349576,9.308020411387394,36.5,298.14285714285717,261.64285714285717,12.242453282223286,129.83362359105752,40.43669123520685,2.5709628433872775,7.97343207454783,5.071428571428571,50.5,45.42857142857143,10.042432814710041,28,613.1243815016567,254.17870212271023,2.6616252220226957,9.830115551707024,25.857142857142858,230.35714285714286,204.5,11.224806201550388,21,78.90151346412242,45.127351657722805,4.564550365693033,8.09978106677076,5.571428571428571,17.285714285714285,11.714285714285714,32.231404958677686,9,8.359968567448362,4.8975621598818995,4.334798516454706,6.85658702383466,0.7142857142857143,1.9285714285714286,1.2142857142857144,37.03703703703704,3,70.54154489667405,40.229789497840905,4.593402923504357,8.282603720143717,4.857142857142857,15.357142857142858,10.5,31.62790697674418,6,444.123241255284,149.39361578573457,2.3122816577069454,9.463848963802189,15.785714285714286,192.07142857142858,176.2857142857143,8.218668650055783,9,169.00114024637264,104.78508633697567,4.414208887032122,10.40419296962879,10.071428571428571,38.285714285714285,28.214285714285715,26.30597014925373,12
334_T3,0.02080657590547136,0.25,0.8645967120472643,2,626.7523802882675,144.33946163662335,2.1021881466305095,8.635694285951825,16.714285714285715,298.14285714285717,281.42857142857144,5.606133205558217,55.457479607936015,14.79215869302148,2.763006101463004,7.965008527011567,1.8571428571428572,20.071428571428573,18.214285714285715,9.252669039145907,20,563.1139157297558,129.5473029436019,2.0680993757126394,8.719530005819358,14.857142857142858,272.2857142857143,257.42857142857144,5.456453305351522,18,8.180984950575768,0,1.4139973988649475,NA,0,5.785714285714286,5.785714285714286,0,6,2.3821855754273042,0,1.515936275271921,NA,0,1.5714285714285714,1.5714285714285714,0,2,5.798799375148463,0,1.3759862924081099,NA,0,4.214285714285714,4.214285714285714,0,4,378.1407455831108,90.31410125240232,1.952053996372991,9.365906796545426,9.642857142857142,193.71428571428572,184.07142857142858,4.97787610619469,10,184.973170146645,39.23320169119956,2.3542039836845725,7.524175666805395,5.214285714285714,78.57142857142857,73.35714285714286,6.636363636363636,8
335_T3,0.03907074973600845,0.38095238095238093,0.7899884346558053,3,713.5480540777063,324.96949247566766,2.3933092374431935,9.598255052023939,33.857142857142854,298.14285714285717,264.28571428571433,11.356013416387157,75.77872762014977,28.644627134099085,2.748451260834447,8.020495597547745,3.5714285714285716,27.571428571428573,24,12.953367875647666,21,618.9447173357136,292.82749633349715,2.38055660513736,9.760916544449906,30,260,230,11.538461538461538,13,18.824609121842965,3.4973690080714,1.7807062682824424,12.2407915282499,0.2857142857142857,10.571428571428571,10.285714285714285,2.7027027027027026,8,2.4317373548803487,0,1.1348107656108295,NA,0,2.142857142857143,2.142857142857143,0,4,16.392871766962614,3.4973690080714,1.944916989300649,12.2407915282499,0.2857142857142857,8.428571428571429,8.142857142857142,3.389830508474576,4,408.43365612434883,142.62638291959405,1.8089437474662713,9.46336189987828,15.071428571428571,225.78571428571428,210.7142857142857,6.675102815564695,7,210.51106121136476,150.2011134139031,6.152724127263271,10.061318601888248,14.928571428571429,34.214285714285715,19.285714285714285,43.63256784968685,6
336_T3,0.04441591784338897,0.08333333333333333,0.9361253744116389,3,600.9456428976252,219.20333647497029,2.0156298515972098,9.471749106943161,23.142857142857142,298.14285714285717,275,7.762338284619069,47.7540069395569,18.670681938197365,2.3962584127376223,9.013432659819417,2.0714285714285716,19.928571428571427,17.857142857142854,10.394265232974913,12,510.96820888092896,184.5005452676181,1.921965320884741,9.78411982479793,18.857142857142858,265.85714285714283,246.99999999999997,7.09296077377754,11,42.22342707713939,16.032109269154827,3.4169247345661935,7.2403074118763735,2.2142857142857144,12.357142857142858,10.142857142857142,17.91907514450867,1,0,0,NA,NA,0,0,0,NA,0,42.22342707713939,16.032109269154827,3.4169247345661935,7.2403074118763735,2.2142857142857144,12.357142857142858,10.142857142857142,17.91907514450867,1,159.3826376143801,86.48913498967684,4.094232892846461,9.534235353192724,9.071428571428571,38.92857142857143,29.85714285714286,23.30275229357798,6,351.58557126654887,98.01141027794127,1.5493226306993026,10.015764553950202,9.785714285714286,226.92857142857142,217.14285714285714,4.312244255587032,5
337_T3,0.16935050993022005,0.4523809523809524,0.6891342688444138,7,1049.6991094117411,461.5630220618007,3.5207924129766113,8.803654371750966,52.42857142857143,298.14285714285717,245.71428571428572,17.585050311451845,105.66381223264423,27.87317766128539,3.301994132270132,6.613974360305008,4.214285714285714,32,27.785714285714285,13.169642857142858,38,800.3661215373771,350.4565324875205,3.620396026340317,8.969637028931055,39.07142857142857,221.07142857142858,182,17.673667205169625,23,143.66917564171968,83.2333119129948,3.1875886830175526,9.103643490483805,9.142857142857142,45.07142857142857,35.92857142857143,20.28526148969889,19,11.752078877883875,0,1.1922398861621324,NA,0,9.857142857142858,9.857142857142858,0,6,131.91709676383581,83.2333119129948,3.7461244517113617,9.103643490483805,9.142857142857142,35.214285714285715,26.071428571428573,25.963488843813387,13,352.9035991754378,180.98320631057442,3.695325645816103,9.745249570569392,18.571428571428573,95.5,76.92857142857143,19.446522064323112,7,447.46252236193936,169.4733261769461,3.5634103032236353,8.26699152082664,20.5,125.57142857142857,105.07142857142857,16.32536973833902,16
338_T3,0.04495912806539509,0.32432432432432434,0.8153582738051403,1,863.4526683100942,338.7660185791876,2.8961038227937994,8.881506105072333,38.142857142857146,298.14285714285717,260,12.793483469094394,110.77637584786835,25.731960659519366,3.077121551329676,6.797121683646625,3.7857142857142856,36,32.214285714285715,10.515873015873016,37,715.7891013306988,302.56813666791555,2.8590720167274704,9.269045762255619,32.642857142857146,250.35714285714286,217.71428571428572,13.038516405135523,25,36.887191131526976,10.46592125175266,3.129822277826531,6.105120730189052,1.7142857142857142,11.785714285714286,10.071428571428573,14.545454545454545,12,30.90364072619786,10.46592125175266,3.60542475138975,6.105120730189052,1.7142857142857142,8.571428571428571,6.857142857142857,20,8,5.983550405329113,0,1.8615490149912794,NA,0,3.2142857142857144,3.2142857142857144,0,4,300.64889485884316,133.28722248810757,3.0745686837281254,9.10254202357808,14.642857142857142,97.78571428571429,83.14285714285715,14.974433893352812,9,415.14020647185566,169.28091417980795,2.720956409459728,9.404495232211554,18,152.57142857142858,134.57142857142858,11.797752808988763,16
339_T3,0,0,1,8,235.3361034026806,0,0.7893400689117221,NA,0,298.14285714285717,298.14285714285717,0,0,0,NA,NA,0,0,0,NA,0,235.3361034026806,0,0.7893400689117221,NA,0,298.14285714285717,298.14285714285717,0,0,0,0,NA,NA,0,0,0,NA,0,0,0,NA,NA,0,0,0,NA,0,0,0,NA,NA,0,0,0,NA,0,0,0,NA,NA,0,0,0,NA,0,235.3361034026806,0,0.7893400689117221,NA,0,298.14285714285717,298.14285714285717,0,0
340_T3,0.06999725500960746,0.36666666666666664,0.7816680391618629,3,804.8411437284469,320.4061704258699,2.6995150963579917,8.353233493411878,38.357142857142854,298.14285714285717,259.78571428571433,12.865356971729753,108.34409232814295,18.446889241761557,2.856529741231641,5.4948180720140805,3.357142857142857,37.92857142857143,34.57142857142858,8.851224105461393,28,640.4653717769936,283.8292081083538,2.6465511230454277,8.600885094192538,33,242,209,13.636363636363635,19,56.03167962331047,18.13007307575458,3.076249077358222,9.06503653787729,2,18.214285714285715,16.214285714285715,10.980392156862745,11,15.580301474844854,3.9855422552118593,3.6354036774637994,13.949397893241507,0.2857142857142857,4.285714285714286,4,6.666666666666667,4,40.451378148465615,14.144530820542721,2.9042015080949675,8.250976311983255,1.7142857142857142,13.928571428571429,12.214285714285715,12.307692307692307,7,405.52711576703064,162.80646461191773,2.2387143614899165,8.44181668358092,19.285714285714285,181.14285714285714,161.85714285714286,10.646687697160882,14,234.93825600996294,121.02274349643604,3.860487774811598,8.824575046615127,13.714285714285714,60.857142857142854,47.14285714285714,22.535211267605636,5
341_T3,0.44397562119081113,0.5205479452054794,0.5177382168018547,10,915.9057730711573,330.4197789035181,3.072036613080068,8.947537533170701,36.92857142857143,298.14285714285717,261.2142857142857,12.386200287494011,314.63137429653847,19.63704366628855,2.2600509184974547,5.976491550609559,3.2857142857142856,139.21428571428572,135.92857142857144,2.3601847101077476,71,423.06326784776763,258.5269858630485,4.9940014754373925,9.729510220652363,26.571428571428573,84.71428571428571,58.14285714285714,31.365935919055655,35,165.33753445313158,48.1955432923787,2.4442718926545326,7.581321416778671,6.357142857142857,67.64285714285714,61.285714285714285,9.398099260823653,38,80.17995363184255,36.858164864116794,2.8133317063804406,8.062723564025548,4.571428571428571,28.5,23.92857142857143,16.040100250626566,18,85.15758082128903,11.337378428261905,2.175558634120523,6.348931919826667,1.7857142857142858,39.142857142857146,37.35714285714286,4.562043795620438,20,278.4108412098567,166.91191466577897,5.142152740023739,10.115873616107816,16.5,54.142857142857146,37.642857142857146,30.47493403693931,20,144.65242663791096,91.61507119726956,4.7316214320812,9.096531891927473,10.071428571428571,30.571428571428573,20.5,32.943925233644855,15
342_T3,0.07240437158469944,0.29411764705882354,0.8167389906782385,3,898.2335349165071,354.2265830343243,3.0127622158196212,8.746335383563563,40.5,298.14285714285717,257.64285714285717,13.584091998083373,112.96035867310191,26.629653857781594,3.0767412868160053,6.903984333498932,3.857142857142857,36.714285714285715,32.85714285714286,10.505836575875486,32,730.8319319902838,314.28973445078975,3.0137399257331294,9.035023166963153,34.785714285714285,242.5,207.71428571428572,14.34462444771723,24,54.44124425312134,13.307194725752955,2.8761412058252787,7.165412544636207,1.8571428571428572,18.928571428571427,17.07142857142857,9.811320754716983,10,9.978757343380824,3.821082693920952,3.4925650701832884,10.699031542978666,0.35714285714285715,2.857142857142857,2.5,12.5,4,44.46248690974052,9.486112031832004,2.7665547410505207,6.324074687888002,1.5,16.071428571428573,14.571428571428573,9.333333333333332,6,462.490695985365,143.8138291483047,2.5451532011773232,8.678420724466662,16.571428571428573,181.71428571428572,165.14285714285714,9.119496855345913,10,268.34123600491887,170.47590530248505,4.414544423112648,9.359461467587414,18.214285714285715,60.785714285714285,42.57142857142857,29.964747356051706,14
350_T3,0.059308510638297875,0.2,0.870345744680851,2,629.6595431748901,169.9784024382415,2.1119390523355204,8.653445942310476,19.642857142857142,298.14285714285717,278.5,6.588404408241494,82.3806161734216,14.243418473797506,2.785817938231648,7.6695330243525035,1.8571428571428572,29.571428571428573,27.714285714285715,6.280193236714976,20,510.41387080381304,151.96541248004579,2.0202980467213405,8.901739643182598,17.071428571428573,252.64285714285714,235.57142857142856,6.757138818207522,16,36.86505619765548,3.769571484398184,2.314398146938012,5.2774000781574575,0.7142857142857143,15.928571428571429,15.214285714285715,4.484304932735426,4,36.86505619765548,3.769571484398184,2.314398146938012,5.2774000781574575,0.7142857142857143,15.928571428571429,15.214285714285715,4.484304932735426,4,0,0,NA,NA,0,0,0,NA,0,207.8989184120576,85.51071745771027,2.973018240826156,9.732927190308486,8.785714285714286,69.92857142857143,61.142857142857146,12.563840653728295,11,302.5149523917554,66.45469502233551,1.6556721397515934,8.020394226833597,8.285714285714286,182.71428571428572,174.42857142857144,4.534792806880375,5
323_T1,0.23687614897528425,0.6097560975609756,0.57668387673187,12,1433.117240317743,1.3057291629309697,4.829244464356762,8.995023122413347,0.14516129032258066,296.758064516129,296.61290322580646,0.04891570194032285,229.99001999585704,0,4.039484770465478,NA,0,56.935483870967744,56.935483870967744,0,74,901.6831117697035,1.3057291629309697,4.987897299225697,8.995023122413347,0.14516129032258066,180.7741935483871,180.6290322580645,0.08029978586723768,32,278.4381384495069,0,4.962105370471235,NA,0,56.11290322580645,56.11290322580645,0,50,110.02808877017864,0,4.624909494068525,NA,0,23.79032258064516,23.79032258064516,0,24,168.41004967932824,0,5.210290958142889,NA,0,32.32258064516129,32.32258064516129,0,26,660.7706959309469,0,4.401351863742878,NA,0,150.1290322580645,150.1290322580645,0,24,240.91241583875652,1.3057291629309697,7.861352516843635,8.995023122413347,0.14516129032258066,30.64516129032258,30.5,0.4736842105263158,8
326_T2,0.05002709048221058,0.18181818181818182,0.8840773638498038,1,1140.774908636084,6.620434633401899,3.8441243728157626,8.733339303636548,0.7580645161290323,296.758064516129,296,0.2554486656883526,104.94172921923187,0.008833826203424974,3.6884281244854744,0.5476972246123484,0.016129032258064516,28.451612903225808,28.435483870967744,0.05668934240362811,40,1000.2201776769227,6.6116008071984735,3.9298891645100893,8.9112880444849,0.7419354838709677,254.51612903225808,253.7741935483871,0.29150823827629907,36,34.621169792945096,0,2.5830475657792973,NA,0,13.403225806451612,13.403225806451612,0,8,14.110606278054725,0,2.6510836037557364,NA,0,5.32258064516129,5.32258064516129,0,2,20.51056351489037,0,2.5382334090283494,NA,0,8.080645161290322,8.080645161290322,0,6,486.735184459855,0.34538175220099643,3.6725789748705133,5.353417159115445,0.06451612903225806,132.53225806451613,132.46774193548387,0.04867956675185591,21,513.4849932170677,6.266219054997477,4.209449898116911,9.250132890710562,0.6774193548387096,121.98387096774194,121.30645161290323,0.5553351844506148,15
327_T3,0.0283706235089303,0.17391304347826086,0.8988581665064044,7,779.5086965498057,3.7351007917932244,2.626748148599812,16.541160649369992,0.22580645161290322,296.758064516129,296.5322580645161,0.07609109190716887,133.71671165439858,0,2.86866301819125,NA,0,46.61290322580645,46.61290322580645,0,46,624.6138072320019,3.7351007917932244,2.5699154587818778,16.541160649369992,0.22580645161290322,243.0483870967742,242.8225806451613,0.09290596589023822,38,21.17817766340515,0,2.984197761661635,NA,0,7.096774193548387,7.096774193548387,0,8,0,0,NA,NA,0,0,0,NA,0,21.17817766340515,0,2.984197761661635,NA,0,7.096774193548387,7.096774193548387,0,8,108.41551954412625,0,3.849806535931173,NA,0,28.161290322580644,28.161290322580644,0,13,516.1982876878757,3.7351007917932244,2.4021837301394795,16.541160649369992,0.22580645161290322,214.88709677419354,214.66129032258064,0.10508143811453878,25
329_T3,0.21000413393964446,0.5333333333333333,0.6283312663635111,16,1261.5868930209454,4.685270108795059,4.251230358568325,13.203943033876985,0.3548387096774194,296.758064516129,296.4032258064516,0.1195717158541225,113.3117937872285,0.9778667990142471,4.792176817740905,10.104623589813889,0.0967741935483871,23.64516129032258,23.548387096774192,0.4092769440654843,45,954.409932692436,3.7074033097808123,4.4235191617650464,14.366187825400647,0.25806451612903225,215.75806451612902,215.5,0.119608282873589,21,193.8651665412809,0,3.380101328897473,NA,0,57.354838709677416,57.354838709677416,0,24,68.90771108258043,0,2.4738147580312604,NA,0,27.85483870967742,27.85483870967742,0,18,124.95745545870045,0,4.235845947752558,NA,0,29.5,29.5,0,6,555.452987253518,3.7074033097808123,3.591041210606686,14.366187825400647,0.25806451612903225,154.67741935483872,154.4193548387097,0.16684045881126172,11,398.95694543891796,0,6.531642624032985,NA,0,61.08064516129032,61.08064516129032,0,10
330_T1,0.32029407684838396,0.5789473684210527,0.5503792773652817,16,1444.0548675005384,4.948606861287961,4.8661015155733125,11.80052405384052,0.41935483870967744,296.758064516129,296.33870967741933,0.14131202782759933,219.95528549626252,2.6859984642569534,3.763031926260562,13.87765873199426,0.1935483870967742,58.45161290322581,58.25806451612903,0.33112582781456956,68,880.1149350515481,2.262608397031007,5.568074078897549,10.020122901137317,0.22580645161290322,158.06451612903226,157.83870967741936,0.14285714285714285,32,317.5239102108954,0,4.262988833494048,NA,0,74.48387096774194,74.48387096774194,0,44,108.54470007759603,0,4.7061338495181495,NA,0,23.06451612903226,23.06451612903226,0,24,208.97921013329938,0,4.064212995064166,NA,0,51.41935483870968,51.41935483870968,0,20,526.1648188509788,0,4.989632726944125,NA,0,105.45161290322581,105.45161290322581,0,20,353.95011620056925,2.262608397031007,6.727439363714069,10.020122901137317,0.22580645161290322,52.61290322580645,52.387096774193544,0.4291845493562232,12
